#
# There is insufficient memory for the Java Runtime Environment to continue.
# Native memory allocation (mmap) failed to map 65536 bytes. Error detail: Failed to commit metaspace.
# Possible reasons:
#   The system is out of physical RAM or swap space
#   This process is running with CompressedOops enabled, and the Java Heap may be blocking the growth of the native heap
# Possible solutions:
#   Reduce memory load on the system
#   Increase physical memory or swap space
#   Check if swap backing store is full
#   Decrease Java heap size (-Xmx/-Xms)
#   Decrease number of Java threads
#   Decrease Java thread stack sizes (-Xss)
#   Set larger code cache with -XX:ReservedCodeCacheSize=
#   JVM is running with Unscaled Compressed Oops mode in which the Java heap is
#     placed in the first 4GB address space. The Java Heap base address is the
#     maximum limit for the native heap growth. Please use -XX:HeapBaseMinAddress
#     to set the Java Heap base and to place the Java Heap above 4GB virtual address.
# This output file may be truncated or incomplete.
#
#  Out of Memory Error (virtualSpaceNode.cpp:113), pid=11276, tid=25436
#
# JRE version: OpenJDK Runtime Environment Temurin-21.0.6+7 (21.0.6+7) (build 21.0.6+7-LTS)
# Java VM: OpenJDK 64-Bit Server VM Temurin-21.0.6+7 (21.0.6+7-LTS, mixed mode, sharing, tiered, compressed oops, compressed class ptrs, parallel gc, windows-amd64)
# No core dump will be written. Minidumps are not enabled by default on client versions of Windows
#

---------------  S U M M A R Y ------------

Command Line: --add-modules=ALL-SYSTEM --add-opens=java.base/java.util=ALL-UNNAMED --add-opens=java.base/java.lang=ALL-UNNAMED --add-opens=java.base/sun.nio.fs=ALL-UNNAMED -Declipse.application=org.eclipse.jdt.ls.core.id1 -Dosgi.bundles.defaultStartLevel=4 -Declipse.product=org.eclipse.jdt.ls.core.product -Djava.import.generatesMetadataFilesAtProjectRoot=false -DDetectVMInstallationsJob.disabled=true -Dfile.encoding=utf8 -XX:+UseParallelGC -XX:GCTimeRatio=4 -XX:AdaptiveSizePolicyWeight=90 -Dsun.zip.disableMemoryMapping=true -Xmx1G -Xms100m -Xlog:disable -javaagent:c:\Users\moham\.vscode\extensions\redhat.java-1.41.1-win32-x64\lombok\lombok-1.18.36.jar c:\Users\moham\.vscode\extensions\redhat.java-1.41.1-win32-x64\server\plugins\org.eclipse.equinox.launcher_1.7.0.v20250331-1702.jar -configuration c:\Users\moham\AppData\Roaming\Code\User\globalStorage\redhat.java\1.41.1\config_ss_win -data c:\Users\moham\AppData\Roaming\Code\User\workspaceStorage\8124025903823dc15ad5908d8bc0e76b\redhat.java\ss_ws --pipe=\\.\pipe\lsp-184b1340d1960b213e3b0427789487bc-sock

Host: AMD Ryzen 7 3700X 8-Core Processor             , 16 cores, 15G,  Windows 10 , 64 bit Build 19041 (10.0.19041.5794)
Time: Fri May  2 15:28:26 2025 Arab Standard Time elapsed time: 0.891067 seconds (0d 0h 0m 0s)

---------------  T H R E A D  ---------------

Current thread (0x00000289f9ae94f0):  JavaThread "Start Level: Equinox Container: 875ce372-12d4-4d6d-a9ed-275b16e985a1" daemon [_thread_in_vm, id=25436, stack(0x000000cb45600000,0x000000cb45700000) (1024K)]

Stack: [0x000000cb45600000,0x000000cb45700000]
Native frames: (J=compiled Java code, j=interpreted, Vv=VM code, C=native code)
V  [jvm.dll+0x6cdee9]
V  [jvm.dll+0x8a83d1]
V  [jvm.dll+0x8aa8fe]
V  [jvm.dll+0x8aafe3]
V  [jvm.dll+0x27f706]
V  [jvm.dll+0x8a411e]
V  [jvm.dll+0x670385]
V  [jvm.dll+0x1e472c]
V  [jvm.dll+0x1e44fe]
V  [jvm.dll+0x672c82]
V  [jvm.dll+0x672aa2]
V  [jvm.dll+0x670d5e]
V  [jvm.dll+0x26a6e6]
V  [jvm.dll+0x216107]
V  [jvm.dll+0x20bb8e]
V  [jvm.dll+0x5ae3ec]
V  [jvm.dll+0x821736]
V  [jvm.dll+0x471736]
V  [jvm.dll+0x477608]
C  [java.dll+0x17ec]

Java frames: (J=compiled Java code, j=interpreted, Vv=VM code)
J 1106  java.lang.ClassLoader.defineClass1(Ljava/lang/ClassLoader;Ljava/lang/String;[BIILjava/security/ProtectionDomain;Ljava/lang/String;)Ljava/lang/Class; java.base@21.0.6 (0 bytes) @ 0x00000289eed18e91 [0x00000289eed18dc0+0x00000000000000d1]
J 1964 c1 java.lang.ClassLoader.defineClass(Ljava/lang/String;[BIILjava/security/ProtectionDomain;)Ljava/lang/Class; java.base@21.0.6 (43 bytes) @ 0x00000289e74990fc [0x00000289e7498da0+0x000000000000035c]
j  org.eclipse.osgi.internal.loader.ModuleClassLoader.defineClass(Ljava/lang/String;[BLorg/eclipse/osgi/internal/loader/classpath/ClasspathEntry;)Lorg/eclipse/osgi/internal/loader/ModuleClassLoader$DefineClassResult;+37
j  org.eclipse.osgi.internal.loader.classpath.ClasspathManager.defineClass(Ljava/lang/String;[BLorg/eclipse/osgi/internal/loader/classpath/ClasspathEntry;Lorg/eclipse/osgi/storage/bundlefile/BundleEntry;Ljava/util/List;)Ljava/lang/Class;+424
j  org.eclipse.osgi.internal.loader.classpath.ClasspathManager.findClassImpl(Ljava/lang/String;Lorg/eclipse/osgi/internal/loader/classpath/ClasspathEntry;Ljava/util/List;)Ljava/lang/Class;+297
j  org.eclipse.osgi.internal.loader.classpath.ClasspathManager.findLocalClassImpl(Ljava/lang/String;[Lorg/eclipse/osgi/internal/loader/classpath/ClasspathEntry;Ljava/util/List;)Ljava/lang/Class;+30
j  org.eclipse.osgi.internal.loader.classpath.ClasspathManager.findLocalClassImpl(Ljava/lang/String;Ljava/util/List;)Ljava/lang/Class;+69
j  org.eclipse.osgi.internal.loader.classpath.ClasspathManager.findLocalClass(Ljava/lang/String;)Ljava/lang/Class;+113
j  org.eclipse.osgi.internal.loader.ModuleClassLoader.findLocalClass(Ljava/lang/String;)Ljava/lang/Class;+5
j  org.eclipse.osgi.internal.loader.BundleLoader.findLocalClass(Ljava/lang/String;)Ljava/lang/Class;+64
j  org.eclipse.osgi.internal.loader.sources.SingleSourcePackage.loadClass(Ljava/lang/String;)Ljava/lang/Class;+5
J 1930 c1 org.eclipse.osgi.internal.loader.BundleLoader.findClass0(Ljava/lang/String;ZZ)Ljava/lang/Class; (491 bytes) @ 0x00000289e74872dc [0x00000289e7484420+0x0000000000002ebc]
J 1929 c1 org.eclipse.osgi.internal.loader.BundleLoader.findClass(Ljava/lang/String;)Ljava/lang/Class; (8 bytes) @ 0x00000289e74801cc [0x00000289e7480140+0x000000000000008c]
J 1931 c1 org.eclipse.osgi.internal.loader.ModuleClassLoader.loadClass(Ljava/lang/String;Z)Ljava/lang/Class; (36 bytes) @ 0x00000289e7480bcc [0x00000289e74809a0+0x000000000000022c]
J 1014 c1 java.lang.ClassLoader.loadClass(Ljava/lang/String;)Ljava/lang/Class; java.base@21.0.6 (7 bytes) @ 0x00000289e72aa0d4 [0x00000289e72a9fc0+0x0000000000000114]
v  ~StubRoutines::call_stub 0x00000289ee56100d
j  java.lang.Class.getDeclaredConstructors0(Z)[Ljava/lang/reflect/Constructor;+0 java.base@21.0.6
j  java.lang.Class.privateGetDeclaredConstructors(Z)[Ljava/lang/reflect/Constructor;+52 java.base@21.0.6
j  java.lang.Class.getConstructors()[Ljava/lang/reflect/Constructor;+20 java.base@21.0.6
j  org.apache.felix.scr.impl.inject.internal.ComponentConstructorImpl.<init>(Lorg/apache/felix/scr/impl/metadata/ComponentMetadata;Ljava/lang/Class;Lorg/apache/felix/scr/impl/logger/ComponentLogger;)V+212
j  org.apache.felix.scr.impl.inject.internal.ComponentMethodsImpl.initComponentMethods(Lorg/apache/felix/scr/impl/metadata/ComponentMetadata;Ljava/lang/Class;Lorg/apache/felix/scr/impl/logger/ComponentLogger;)V+306
j  org.apache.felix.scr.impl.manager.AbstractComponentManager.initDependencyManagers(Lorg/apache/felix/scr/impl/manager/ComponentContextImpl;)V+76
j  org.apache.felix.scr.impl.manager.AbstractComponentManager.collectDependencies(Lorg/apache/felix/scr/impl/manager/ComponentContextImpl;)Z+2
j  org.apache.felix.scr.impl.manager.SingleComponentManager.getServiceInternal(Lorg/osgi/framework/ServiceRegistration;)Z+25
j  org.apache.felix.scr.impl.manager.AbstractComponentManager.activateInternal()V+438
j  org.apache.felix.scr.impl.manager.AbstractComponentManager.enableInternal()V+179
j  org.apache.felix.scr.impl.manager.AbstractComponentManager.enable(Z)Lorg/osgi/util/promise/Promise;+12
j  org.apache.felix.scr.impl.manager.ConfigurableComponentHolder.enableComponents(Z)Lorg/osgi/util/promise/Promise;+275
j  org.apache.felix.scr.impl.BundleComponentActivator.initialEnable()V+107
j  org.apache.felix.scr.impl.Activator.loadComponents(Lorg/osgi/framework/Bundle;)V+392
j  org.apache.felix.scr.impl.Activator.access$200(Lorg/apache/felix/scr/impl/Activator;Lorg/osgi/framework/Bundle;)V+2
j  org.apache.felix.scr.impl.Activator$ScrExtension.start()V+72
j  org.apache.felix.scr.impl.AbstractExtender.createExtension(Lorg/osgi/framework/Bundle;)V+71
j  org.apache.felix.scr.impl.AbstractExtender.modifiedBundle(Lorg/osgi/framework/Bundle;Lorg/osgi/framework/BundleEvent;Lorg/osgi/framework/Bundle;)V+115
j  org.apache.felix.scr.impl.AbstractExtender.addingBundle(Lorg/osgi/framework/Bundle;Lorg/osgi/framework/BundleEvent;)Lorg/osgi/framework/Bundle;+4
j  org.apache.felix.scr.impl.AbstractExtender.addingBundle(Lorg/osgi/framework/Bundle;Lorg/osgi/framework/BundleEvent;)Ljava/lang/Object;+3
j  org.osgi.util.tracker.BundleTracker$Tracked.customizerAdding(Lorg/osgi/framework/Bundle;Lorg/osgi/framework/BundleEvent;)Ljava/lang/Object;+9
j  org.osgi.util.tracker.BundleTracker$Tracked.customizerAdding(Ljava/lang/Object;Ljava/lang/Object;)Ljava/lang/Object;+9
j  org.osgi.util.tracker.AbstractTracked.trackAdding(Ljava/lang/Object;Ljava/lang/Object;)V+8
j  org.osgi.util.tracker.AbstractTracked.track(Ljava/lang/Object;Ljava/lang/Object;)V+83
j  org.osgi.util.tracker.BundleTracker$Tracked.bundleChanged(Lorg/osgi/framework/BundleEvent;)V+35
j  org.eclipse.osgi.internal.framework.BundleContextImpl.dispatchEvent(Ljava/lang/Object;Ljava/lang/Object;ILjava/lang/Object;)V+166
j  org.eclipse.osgi.framework.eventmgr.EventManager.dispatchEvent(Ljava/util/Set;Lorg/eclipse/osgi/framework/eventmgr/EventDispatcher;ILjava/lang/Object;)V+48
j  org.eclipse.osgi.framework.eventmgr.ListenerQueue.dispatchEventSynchronous(ILjava/lang/Object;)V+67
j  org.eclipse.osgi.internal.framework.EquinoxEventPublisher.publishBundleEventPrivileged(Lorg/osgi/framework/BundleEvent;)V+547
j  org.eclipse.osgi.internal.framework.EquinoxEventPublisher.publishBundleEvent(Lorg/osgi/framework/BundleEvent;)V+8
j  org.eclipse.osgi.internal.framework.EquinoxEventPublisher.publishBundleEvent(ILorg/osgi/framework/Bundle;Lorg/osgi/framework/Bundle;)V+15
j  org.eclipse.osgi.internal.framework.EquinoxContainerAdaptor.publishModuleEvent(Lorg/eclipse/osgi/container/ModuleContainerAdaptor$ModuleEvent;Lorg/eclipse/osgi/container/Module;Lorg/eclipse/osgi/container/Module;)V+29
j  org.eclipse.osgi.container.Module.publishEvent(Lorg/eclipse/osgi/container/ModuleContainerAdaptor$ModuleEvent;)V+13
j  org.eclipse.osgi.container.Module.start([Lorg/eclipse/osgi/container/Module$StartOptions;)V+588
j  org.eclipse.osgi.container.ModuleContainer$ContainerStartLevel$2.run()V+83
j  org.eclipse.osgi.internal.framework.EquinoxContainerAdaptor$1$1.execute(Ljava/lang/Runnable;)V+1
j  org.eclipse.osgi.container.ModuleContainer$ContainerStartLevel.incStartLevel(ILjava/util/List;Z)V+193
j  org.eclipse.osgi.container.ModuleContainer$ContainerStartLevel.incStartLevel(ILjava/util/List;Ljava/util/List;Ljava/util/List;Ljava/util/List;)V+4
j  org.eclipse.osgi.container.ModuleContainer$ContainerStartLevel.doContainerStartLevel(Lorg/eclipse/osgi/container/Module;I[Lorg/osgi/framework/FrameworkListener;)V+358
j  org.eclipse.osgi.container.ModuleContainer$ContainerStartLevel.dispatchEvent(Lorg/eclipse/osgi/container/Module;[Lorg/osgi/framework/FrameworkListener;ILjava/lang/Integer;)V+32
j  org.eclipse.osgi.container.ModuleContainer$ContainerStartLevel.dispatchEvent(Ljava/lang/Object;Ljava/lang/Object;ILjava/lang/Object;)V+15
j  org.eclipse.osgi.framework.eventmgr.EventManager.dispatchEvent(Ljava/util/Set;Lorg/eclipse/osgi/framework/eventmgr/EventDispatcher;ILjava/lang/Object;)V+48
j  org.eclipse.osgi.framework.eventmgr.EventManager$EventThread.run()V+26
v  ~StubRoutines::call_stub 0x00000289ee56100d

Compiled method (n/a) 904 1106     n 0       java.lang.ClassLoader::defineClass1 (native)
 total in heap  [0x00000289eed18c10,0x00000289eed19098] = 1160
 relocation     [0x00000289eed18d70,0x00000289eed18da8] = 56
 main code      [0x00000289eed18dc0,0x00000289eed19096] = 726
 stub code      [0x00000289eed19096,0x00000289eed19098] = 2

[Constant Pool (empty)]

[MachCode]
[Entry Point]
  # {method} {0x0000028980430ff0} 'defineClass1' '(Ljava/lang/ClassLoader;Ljava/lang/String;[BIILjava/security/ProtectionDomain;Ljava/lang/String;)Ljava/lang/Class;' in 'java/lang/ClassLoader'
  # parm0:    rdx:rdx   = 'java/lang/ClassLoader'
  # parm1:    r8:r8     = 'java/lang/String'
  # parm2:    r9:r9     = '[B'
  # parm3:    rdi       = int
  # parm4:    rsi       = int
  # parm5:    rcx:rcx   = 'java/security/ProtectionDomain'
  # parm6:    [sp+0xa0]   = 'java/lang/String'  (sp of caller)
  0x00000289eed18dc0: 448b 5208 | 49bb 0000 | 0080 8902 | 0000 4d03 | d349 3bc2 | 0f84 0600 

  0x00000289eed18dd8: ;   {runtime_call ic_miss_stub}
  0x00000289eed18dd8: 0000 e9a1 | 5689 ff90 
[Verified Entry Point]
  0x00000289eed18de0: 8984 2400 | 80ff ff55 | 488b ec48 | 81ec 9000 | 0000 6690 | 4181 7f20 | 0100 0000 

  0x00000289eed18dfc: ;   {runtime_call StubRoutines (final stubs)}
  0x00000289eed18dfc: 7405 e8dd | fb87 ff48 | 837d 1000 | 488d 4510 | 480f 4445 | 1048 8944 | 2440 4889 | 4c24 7048 
  0x00000289eed18e1c: 83f9 0048 | 8d44 2470 | 480f 4444 | 2470 4889 | 4424 3848 | 8974 2430 | 4889 7c24 | 284c 894c 
  0x00000289eed18e3c: 2458 4983 | f900 488d | 4424 5848 | 0f44 4424 | 5848 8944 | 2420 4c89 | 4424 5049 | 83f8 004c 
  0x00000289eed18e5c: 8d4c 2450 | 4c0f 444c | 2450 4889 | 5424 4848 | 83fa 004c | 8d44 2448 | 4c0f 4444 

  0x00000289eed18e78: ;   {oop(a 'java/lang/Class'{0x00000000c0000da0} = 'java/lang/ClassLoader')}
  0x00000289eed18e78: 2448 49be | a00d 00c0 | 0000 0000 | 4c89 7424 | 784c 8d74 | 2478 498b | d6c5 f877 

  0x00000289eed18e94: ;   {internal_word}
  0x00000289eed18e94: 49ba 918e | d1ee 8902 | 0000 4d89 | 97a0 0300 | 0049 89a7 | 9803 0000 

  0x00000289eed18eac: ;   {external_word}
  0x00000289eed18eac: 49ba 355b | a6a1 ff7f | 0000 4180 | 3a00 0f84 | 4e00 0000 | 5241 5041 

  0x00000289eed18ec4: ;   {metadata({method} {0x0000028980430ff0} 'defineClass1' '(Ljava/lang/ClassLoader;Ljava/lang/String;[BIILjava/security/ProtectionDomain;Ljava/lang/String;)Ljava/lang/Class;' in 'java/lang/ClassLoader')}
  0x00000289eed18ec4: 5148 bae8 | 0f43 8089 | 0200 0049 | 8bcf 4883 | ec20 40f6 | c40f 0f84 | 1900 0000 | 4883 ec08 
  0x00000289eed18ee4: ;   {runtime_call}
  0x00000289eed18ee4: 48b8 c04b | 50a1 ff7f | 0000 ffd0 | 4883 c408 | e90c 0000 

  0x00000289eed18ef8: ;   {runtime_call}
  0x00000289eed18ef8: 0048 b8c0 | 4b50 a1ff | 7f00 00ff | d048 83c4 | 2041 5941 | 585a 498d | 8fb8 0300 | 0041 c787 
  0x00000289eed18f18: 4404 0000 | 0400 0000 

  0x00000289eed18f20: ;   {runtime_call}
  0x00000289eed18f20: 48b8 ac16 | b6e2 ff7f | 0000 ffd0 | c5f8 7741 | c787 4404 | 0000 0500 | 0000 f083 | 4424 c000 
  0x00000289eed18f40: 493b af48 | 0400 000f | 870e 0000 | 0041 83bf | 4004 0000 | 000f 842b | 0000 00c5 | f877 4889 
  0x00000289eed18f60: 45f8 498b | cf4c 8be4 | 4883 ec20 | 4883 e4f0 

  0x00000289eed18f70: ;   {runtime_call}
  0x00000289eed18f70: 48b8 60cf | 1ba1 ff7f | 0000 ffd0 | 498b e44d | 33e4 488b | 45f8 41c7 | 8744 0400 | 0008 0000 
  0x00000289eed18f90: 0041 83bf | c004 0000 | 020f 84ca 

  0x00000289eed18f9c: ;   {external_word}
  0x00000289eed18f9c: 0000 0049 | ba35 5ba6 | a1ff 7f00 | 0041 803a | 000f 844c | 0000 0048 

  0x00000289eed18fb4: ;   {metadata({method} {0x0000028980430ff0} 'defineClass1' '(Ljava/lang/ClassLoader;Ljava/lang/String;[BIILjava/security/ProtectionDomain;Ljava/lang/String;)Ljava/lang/Class;' in 'java/lang/ClassLoader')}
  0x00000289eed18fb4: 8945 f848 | bae8 0f43 | 8089 0200 | 0049 8bcf | 4883 ec20 | 40f6 c40f | 0f84 1900 | 0000 4883 
  0x00000289eed18fd4: ;   {runtime_call}
  0x00000289eed18fd4: ec08 48b8 | c04b 50a1 | ff7f 0000 | ffd0 4883 | c408 e90c 

  0x00000289eed18fe8: ;   {runtime_call}
  0x00000289eed18fe8: 0000 0048 | b8c0 4b50 | a1ff 7f00 | 00ff d048 | 83c4 2048 | 8b45 f849 | c787 9803 | 0000 0000 
  0x00000289eed19008: 0000 49c7 | 87a0 0300 | 0000 0000 | 00c5 f877 | 4885 c00f | 8425 0000 | 00a8 030f | 8508 0000 
  0x00000289eed19028: 0048 8b00 | e915 0000 | 00a8 010f | 8509 0000 | 0048 8b40 | fee9 0400 | 0000 488b | 40ff 498b 
  0x00000289eed19048: 8f28 0400 | 00c7 8100 | 0100 0000 | 0000 00c9 | 4983 7f08 | 000f 8501 | 0000 00c3 

  0x00000289eed19064: ;   {runtime_call StubRoutines (initial stubs)}
  0x00000289eed19064: e997 7e84 | ffc5 f877 | 4889 45f8 | 4c8b e448 | 83ec 2048 

  0x00000289eed19078: ;   {runtime_call}
  0x00000289eed19078: 83e4 f048 | b8a0 8350 | a1ff 7f00 | 00ff d049 | 8be4 4d33 | e448 8b45 | f8e9 09ff | ffff f4f4 
[/MachCode]


Compiled method (c1) 908 1964       3       java.lang.ClassLoader::defineClass (43 bytes)
 total in heap  [0x00000289e7498b90,0x00000289e74994f0] = 2400
 relocation     [0x00000289e7498cf0,0x00000289e7498d90] = 160
 main code      [0x00000289e7498da0,0x00000289e7499240] = 1184
 stub code      [0x00000289e7499240,0x00000289e74992b8] = 120
 metadata       [0x00000289e74992b8,0x00000289e74992e8] = 48
 scopes data    [0x00000289e74992e8,0x00000289e74993d8] = 240
 scopes pcs     [0x00000289e74993d8,0x00000289e74994b8] = 224
 dependencies   [0x00000289e74994b8,0x00000289e74994c8] = 16
 nul chk table  [0x00000289e74994c8,0x00000289e74994f0] = 40

[Constant Pool (empty)]

[MachCode]
[Entry Point]
  # {method} {0x0000028980431370} 'defineClass' '(Ljava/lang/String;[BIILjava/security/ProtectionDomain;)Ljava/lang/Class;' in 'java/lang/ClassLoader'
  # this:     rdx:rdx   = 'java/lang/ClassLoader'
  # parm0:    r8:r8     = 'java/lang/String'
  # parm1:    r9:r9     = '[B'
  # parm2:    rdi       = int
  # parm3:    rsi       = int
  # parm4:    rcx:rcx   = 'java/security/ProtectionDomain'
  #           [sp+0xc0]  (sp of caller)
  0x00000289e7498da0: 448b 5208 | 49bb 0000 | 0080 8902 | 0000 4d03 | d34c 3bd0 

  0x00000289e7498db4: ;   {runtime_call ic_miss_stub}
  0x00000289e7498db4: 0f85 c656 | 1107 660f | 1f44 0000 
[Verified Entry Point]
  0x00000289e7498dc0: 8984 2400 | 80ff ff55 | 4881 ecb0 | 0000 0090 | 4181 7f20 | 0100 0000 

  0x00000289e7498dd8: ;   {runtime_call StubRoutines (final stubs)}
  0x00000289e7498dd8: 7405 e801 | fc0f 0748 | 8954 2478 

  0x00000289e7498de4: ;   {metadata(method data for {method} {0x0000028980431370} 'defineClass' '(Ljava/lang/String;[BIILjava/security/ProtectionDomain;)Ljava/lang/Class;' in 'java/lang/ClassLoader')}
  0x00000289e7498de4: 48bb 90eb | 36c1 8902 | 0000 8b83 | cc00 0000 | 83c0 0289 | 83cc 0000 | 0025 fe07 | 0000 85c0 
  0x00000289e7498e04: 0f84 5803 | 0000 89b4 | 2494 0000 | 0089 bc24 | 9000 0000 | 4c89 8c24 | 8800 0000 

  0x00000289e7498e20: ;   {metadata(method data for {method} {0x0000028980431370} 'defineClass' '(Ljava/lang/String;[BIILjava/security/ProtectionDomain;)Ljava/lang/Class;' in 'java/lang/ClassLoader')}
  0x00000289e7498e20: 488b da48 | b890 eb36 | c189 0200 | 0048 8380 | 1001 0000 | 0149 8bd8 | 4c8b c34c | 8bc9 488b 
  0x00000289e7498e40: ca48 8bd1 | 4889 9c24 | 8000 0000 

  0x00000289e7498e4c: ;   {optimized virtual_call}
  0x00000289e7498e4c: 6666 90e8 

  0x00000289e7498e50: ; ImmutableOopMap {[120]=Oop [128]=Oop [136]=Oop }
                      ;*invokevirtual preDefineClass {reexecute=0 rethrow=0 return_oop=0}
                      ; - java.lang.ClassLoader::defineClass@4
  0x00000289e7498e50: cc10 eeff 

  0x00000289e7498e54: ;   {other}
  0x00000289e7498e54: 0f1f 8400 | c402 0000 | 4889 8424 | 9800 0000 | 488b 5424 

  0x00000289e7498e68: ;   {metadata(method data for {method} {0x0000028980431370} 'defineClass' '(Ljava/lang/String;[BIILjava/security/ProtectionDomain;)Ljava/lang/Class;' in 'java/lang/ClassLoader')}
  0x00000289e7498e68: 7849 b890 | eb36 c189 | 0200 0049 | 8380 4801 

  0x00000289e7498e78: ;   {metadata(method data for {method} {0x0000028980431058} 'defineClassSourceLocation' '(Ljava/security/ProtectionDomain;)Ljava/lang/String;' in 'java/lang/ClassLoader')}
  0x00000289e7498e78: 0000 0149 | b818 e936 | c189 0200 | 0041 8b90 | cc00 0000 | 83c2 0241 | 8990 cc00 | 0000 81e2 
  0x00000289e7498e98: feff 1f00 | 85d2 0f84 | df02 0000 

  0x00000289e7498ea4: ; implicit exception: dispatches to 0x00000289e74991a4
  0x00000289e7498ea4: 483b 004c 

  0x00000289e7498ea8: ;   {metadata(method data for {method} {0x0000028980431058} 'defineClassSourceLocation' '(Ljava/security/ProtectionDomain;)Ljava/lang/String;' in 'java/lang/ClassLoader')}
  0x00000289e7498ea8: 8bc0 48ba | 18e9 36c1 | 8902 0000 | 4883 8210 | 0100 0001 | 448b 4010 

  0x00000289e7498ec0: ;   {metadata(method data for {method} {0x0000028980431058} 'defineClassSourceLocation' '(Ljava/security/ProtectionDomain;)Ljava/lang/String;' in 'java/lang/ClassLoader')}
  0x00000289e7498ec0: 4d85 c048 | ba18 e936 | c189 0200 | 0048 c7c6 | 5801 0000 | 7507 48c7 | c648 0100 | 0048 8b3c 
  0x00000289e7498ee0: 3248 8d7f | 0148 893c | 320f 850f 

  0x00000289e7498eec: ;   {oop(nullptr)}
  0x00000289e7498eec: 0000 0048 | bb00 0000 | 0000 0000 | 00e9 a901 | 0000 493b | 0049 8bd0 

  0x00000289e7498f04: ;   {metadata(method data for {method} {0x0000028980431058} 'defineClassSourceLocation' '(Ljava/security/ProtectionDomain;)Ljava/lang/String;' in 'java/lang/ClassLoader')}
  0x00000289e7498f04: 48be 18e9 | 36c1 8902 | 0000 4883 | 8668 0100 | 0001 418b | 500c 4885 

  0x00000289e7498f1c: ;   {metadata(method data for {method} {0x0000028980431058} 'defineClassSourceLocation' '(Ljava/security/ProtectionDomain;)Ljava/lang/String;' in 'java/lang/ClassLoader')}
  0x00000289e7498f1c: d248 be18 | e936 c189 | 0200 0048 | c7c7 b001 | 0000 7507 | 48c7 c7a0 | 0100 0048 | 8b1c 3e48 
  0x00000289e7498f3c: 8d5b 0148 | 891c 3e0f | 850f 0000 

  0x00000289e7498f48: ;   {oop(nullptr)}
  0x00000289e7498f48: 0048 bb00 | 0000 0000 | 0000 00e9 | 4f01 0000 

  0x00000289e7498f58: ;   {metadata(method data for {method} {0x0000028980431058} 'defineClassSourceLocation' '(Ljava/security/ProtectionDomain;)Ljava/lang/String;' in 'java/lang/ClassLoader')}
  0x00000289e7498f58: 48be 18e9 | 36c1 8902 | 0000 4883 | 86c0 0100 | 0001 483b | 024c 8bc2 

  0x00000289e7498f70: ;   {metadata(method data for {method} {0x0000028980431058} 'defineClassSourceLocation' '(Ljava/security/ProtectionDomain;)Ljava/lang/String;' in 'java/lang/ClassLoader')}
  0x00000289e7498f70: 48be 18e9 | 36c1 8902 | 0000 4883 | 86f8 0100 

  0x00000289e7498f80: ;   {metadata(method data for {method} {0x000002898001a838} 'toString' '()Ljava/lang/String;' in 'java/net/URL')}
  0x00000289e7498f80: 0001 49b8 | f8e4 36c1 | 8902 0000 | 418b b0cc | 0000 0083 | c602 4189 | b0cc 0000 | 0081 e6fe 
  0x00000289e7498fa0: ff1f 0085 | f60f 8408 | 0200 004c 

  0x00000289e7498fac: ;   {metadata(method data for {method} {0x000002898001a838} 'toString' '()Ljava/lang/String;' in 'java/net/URL')}
  0x00000289e7498fac: 8bc2 48be | f8e4 36c1 | 8902 0000 | 4883 8610 | 0100 0001 

  0x00000289e7498fc0: ;   {metadata(method data for {method} {0x0000028980424bf8} 'toExternalForm' '()Ljava/lang/String;' in 'java/net/URL')}
  0x00000289e7498fc0: 49b8 1877 | 36c1 8902 | 0000 418b | b0cc 0000 | 0083 c602 | 4189 b0cc | 0000 0081 | e6fe ff1f 
  0x00000289e7498fe0: 0085 f60f | 84eb 0100 | 008b 7238 

  0x00000289e7498fec: ; implicit exception: dispatches to 0x00000289e74991f5
  0x00000289e7498fec: 483b 064c 

  0x00000289e7498ff0: ;   {metadata(method data for {method} {0x0000028980424bf8} 'toExternalForm' '()Ljava/lang/String;' in 'java/net/URL')}
  0x00000289e7498ff0: 8bc6 48bf | 1877 36c1 | 8902 0000 | 458b 4008 | 49ba 0000 | 0080 8902 | 0000 4d03 | c24c 3b87 
  0x00000289e7499010: 2001 0000 | 750d 4883 | 8728 0100 | 0001 e960 | 0000 004c | 3b87 3001 | 0000 750d | 4883 8738 
  0x00000289e7499030: 0100 0001 | e94a 0000 | 0048 83bf | 2001 0000 | 0075 174c | 8987 2001 | 0000 48c7 | 8728 0100 
  0x00000289e7499050: 0001 0000 | 00e9 2900 | 0000 4883 | bf30 0100 | 0000 7517 | 4c89 8730 | 0100 0048 | c787 3801 
  0x00000289e7499070: 0000 0100 | 0000 e908 | 0000 0048 | 8387 1001 | 0000 014c | 8bc2 488b | d60f 1f40 | 0048 b808 
  0x00000289e7499090: 3421 8089 

  0x00000289e7499094: ;   {virtual_call}
  0x00000289e7499094: 0200 00e8 

  0x00000289e7499098: ; ImmutableOopMap {[120]=Oop [128]=Oop [136]=Oop [152]=Oop }
                      ;*invokevirtual toExternalForm {reexecute=0 rethrow=0 return_oop=0}
                      ; - java.net.URL::toExternalForm@5
                      ; - java.net.URL::toString@1
                      ; - java.lang.ClassLoader::defineClassSourceLocation@22
                      ; - java.lang.ClassLoader::defineClass@12
  0x00000289e7499098: 645e ebff 

  0x00000289e749909c: ;   {other}
  0x00000289e749909c: 0f1f 8400 | 0c05 0001 | 488b d848 | 8b84 2498 | 0000 008b | b424 9400 | 0000 8bbc | 2490 0000 
  0x00000289e74990bc: 004c 8b8c | 2488 0000 | 004c 8b84 | 2480 0000 | 0048 8b54 

  0x00000289e74990d0: ;   {metadata(method data for {method} {0x0000028980431370} 'defineClass' '(Ljava/lang/String;[BIILjava/security/ProtectionDomain;)Ljava/lang/Class;' in 'java/lang/ClassLoader')}
  0x00000289e74990d0: 2478 48b9 | 90eb 36c1 | 8902 0000 | 4883 8180 | 0100 0001 | 4c8b da49 | 8bd3 488b | c848 891c 
  0x00000289e74990f0: 2466 0f1f 

  0x00000289e74990f4: ;   {static_call}
  0x00000289e74990f4: 4400 00e8 

  0x00000289e74990f8: ; ImmutableOopMap {[120]=Oop [152]=Oop }
                      ;*invokestatic defineClass1 {reexecute=0 rethrow=0 return_oop=0}
                      ; - java.lang.ClassLoader::defineClass@27
  0x00000289e74990f8: e4fc 8707 

  0x00000289e74990fc: ;   {other}
  0x00000289e74990fc: 0f1f 8400 | 6c05 0002 | 488b 5424 

  0x00000289e7499108: ;   {metadata(method data for {method} {0x0000028980431370} 'defineClass' '(Ljava/lang/String;[BIILjava/security/ProtectionDomain;)Ljava/lang/Class;' in 'java/lang/ClassLoader')}
  0x00000289e7499108: 7849 b890 | eb36 c189 | 0200 0049 | 8380 9001 | 0000 014c | 8bc0 4c8b | 8c24 9800 | 0000 488b 
  0x00000289e7499128: 5424 7848 | 8984 24a0 | 0000 000f 

  0x00000289e7499134: ;   {optimized virtual_call}
  0x00000289e7499134: 1f40 00e8 

  0x00000289e7499138: ; ImmutableOopMap {[160]=Oop }
                      ;*invokevirtual postDefineClass {reexecute=0 rethrow=0 return_oop=0}
                      ; - java.lang.ClassLoader::defineClass@37
  0x00000289e7499138: 6428 f7ff 

  0x00000289e749913c: ;   {other}
  0x00000289e749913c: 0f1f 8400 | ac05 0003 | 488b 8424 | a000 0000 | 4881 c4b0 | 0000 005d 

  0x00000289e7499154: ;   {poll_return}
  0x00000289e7499154: 493b a748 | 0400 000f | 8799 0000 

  0x00000289e7499160: ;   {metadata({method} {0x0000028980431370} 'defineClass' '(Ljava/lang/String;[BIILjava/security/ProtectionDomain;)Ljava/lang/Class;' in 'java/lang/ClassLoader')}
  0x00000289e7499160: 00c3 49ba | 6813 4380 | 8902 0000 | 4c89 5424 | 0848 c704 | 24ff ffff 

  0x00000289e7499178: ;   {runtime_call counter_overflow Runtime1 stub}
  0x00000289e7499178: ffe8 02b6 

  0x00000289e749917c: ; ImmutableOopMap {rdx=Oop r8=Oop r9=Oop rcx=Oop [120]=Oop }
                      ;*synchronization entry
                      ; - java.lang.ClassLoader::defineClass@-1
  0x00000289e749917c: 1c07 e987 

  0x00000289e7499180: ;   {metadata({method} {0x0000028980431058} 'defineClassSourceLocation' '(Ljava/security/ProtectionDomain;)Ljava/lang/String;' in 'java/lang/ClassLoader')}
  0x00000289e7499180: fcff ff49 | ba50 1043 | 8089 0200 | 004c 8954 | 2408 48c7 | 0424 ffff 

  0x00000289e7499198: ;   {runtime_call counter_overflow Runtime1 stub}
  0x00000289e7499198: ffff e8e1 

  0x00000289e749919c: ; ImmutableOopMap {rax=Oop [120]=Oop [128]=Oop [136]=Oop [152]=Oop }
                      ;*synchronization entry
                      ; - java.lang.ClassLoader::defineClassSourceLocation@-1
                      ; - java.lang.ClassLoader::defineClass@12
  0x00000289e749919c: b51c 07e9 | 00fd ffff 

  0x00000289e74991a4: ;   {runtime_call throw_null_pointer_exception Runtime1 stub}
  0x00000289e74991a4: e857 461c 

  0x00000289e74991a8: ; ImmutableOopMap {rax=Oop [120]=Oop [128]=Oop [136]=Oop [152]=Oop }
                      ;*invokevirtual getCodeSource {reexecute=0 rethrow=0 return_oop=0}
                      ; - java.lang.ClassLoader::defineClassSourceLocation@1
                      ; - java.lang.ClassLoader::defineClass@12
                      ;   {runtime_call throw_null_pointer_exception Runtime1 stub}
  0x00000289e74991a8: 07e8 5246 

  0x00000289e74991ac: ; ImmutableOopMap {rax=Oop r8=Oop [120]=Oop [128]=Oop [136]=Oop [152]=Oop }
                      ;*invokevirtual getLocation {reexecute=0 rethrow=0 return_oop=0}
                      ; - java.lang.ClassLoader::defineClassSourceLocation@12
                      ; - java.lang.ClassLoader::defineClass@12
                      ;   {runtime_call throw_null_pointer_exception Runtime1 stub}
  0x00000289e74991ac: 1c07 e84d 

  0x00000289e74991b0: ; ImmutableOopMap {rdx=Oop [120]=Oop [128]=Oop [136]=Oop [152]=Oop }
                      ;*invokevirtual toString {reexecute=0 rethrow=0 return_oop=0}
                      ; - java.lang.ClassLoader::defineClassSourceLocation@22
                      ; - java.lang.ClassLoader::defineClass@12
                      ;   {metadata({method} {0x000002898001a838} 'toString' '()Ljava/lang/String;' in 'java/net/URL')}
  0x00000289e74991b0: 461c 0749 | ba30 a801 | 8089 0200 | 004c 8954 | 2408 48c7 | 0424 ffff 

  0x00000289e74991c8: ;   {runtime_call counter_overflow Runtime1 stub}
  0x00000289e74991c8: ffff e8b1 

  0x00000289e74991cc: ; ImmutableOopMap {rdx=Oop [120]=Oop [128]=Oop [136]=Oop [152]=Oop }
                      ;*synchronization entry
                      ; - java.net.URL::toString@-1
                      ; - java.lang.ClassLoader::defineClassSourceLocation@22
                      ; - java.lang.ClassLoader::defineClass@12
  0x00000289e74991cc: b51c 07e9 | d7fd ffff 

  0x00000289e74991d4: ;   {metadata({method} {0x0000028980424bf8} 'toExternalForm' '()Ljava/lang/String;' in 'java/net/URL')}
  0x00000289e74991d4: 49ba f04b | 4280 8902 | 0000 4c89 | 5424 0848 | c704 24ff 

  0x00000289e74991e8: ;   {runtime_call counter_overflow Runtime1 stub}
  0x00000289e74991e8: ffff ffe8 

  0x00000289e74991ec: ; ImmutableOopMap {rdx=Oop [120]=Oop [128]=Oop [136]=Oop [152]=Oop }
                      ;*synchronization entry
                      ; - java.net.URL::toExternalForm@-1
                      ; - java.net.URL::toString@1
                      ; - java.lang.ClassLoader::defineClassSourceLocation@22
                      ; - java.lang.ClassLoader::defineClass@12
  0x00000289e74991ec: 90b5 1c07 | e9f4 fdff 

  0x00000289e74991f4: ;   {runtime_call throw_null_pointer_exception Runtime1 stub}
  0x00000289e74991f4: ffe8 0646 

  0x00000289e74991f8: ; ImmutableOopMap {rdx=Oop rsi=Oop [120]=Oop [128]=Oop [136]=Oop [152]=Oop }
                      ;*invokevirtual toExternalForm {reexecute=0 rethrow=0 return_oop=0}
                      ; - java.net.URL::toExternalForm@5
                      ; - java.net.URL::toString@1
                      ; - java.lang.ClassLoader::defineClassSourceLocation@22
                      ; - java.lang.ClassLoader::defineClass@12
                      ;   {internal_word}
  0x00000289e74991f8: 1c07 49ba | 5491 49e7 | 8902 0000 | 4d89 9760 

  0x00000289e7499208: ;   {runtime_call SafepointBlob}
  0x00000289e7499208: 0400 00e9 | f0b8 1107 | 498b 87f8 | 0400 0049 | c787 f804 | 0000 0000 | 0000 49c7 | 8700 0500 
  0x00000289e7499228: 0000 0000 | 0048 81c4 | b000 0000 

  0x00000289e7499234: ;   {runtime_call unwind_exception Runtime1 stub}
  0x00000289e7499234: 5de9 c633 | 1c07 f4f4 | f4f4 f4f4 
[Stub Code]
  0x00000289e7499240: ;   {no_reloc}
  0x00000289e7499240: 0f1f 4400 

  0x00000289e7499244: ;   {static_stub}
  0x00000289e7499244: 0048 bb00 | 0000 0000 

  0x00000289e749924c: ;   {runtime_call nmethod}
  0x00000289e749924c: 0000 00e9 | fbff ffff 

  0x00000289e7499254: ;   {static_stub}
  0x00000289e7499254: 48bb 0000 | 0000 0000 

  0x00000289e749925c: ;   {runtime_call nmethod}
  0x00000289e749925c: 0000 e9fb 

  0x00000289e7499260: ;   {static_stub}
  0x00000289e7499260: ffff ff48 | bb00 0000 | 0000 0000 

  0x00000289e749926c: ;   {runtime_call nmethod}
  0x00000289e749926c: 00e9 fbff 

  0x00000289e7499270: ;   {static_stub}
  0x00000289e7499270: ffff 48bb | 0000 0000 | 0000 0000 

  0x00000289e749927c: ;   {runtime_call nmethod}
  0x00000289e749927c: e9fb ffff 

  0x00000289e7499280: ;   {runtime_call handle_exception_from_callee Runtime1 stub}
  0x00000289e7499280: ffe8 7a6f 

  0x00000289e7499284: ;   {external_word}
  0x00000289e7499284: 1c07 48b9 | 907f 7ca1 | ff7f 0000 | 4883 e4f0 

  0x00000289e7499294: ;   {runtime_call}
  0x00000289e7499294: 48b8 f042 | 3fa1 ff7f | 0000 ffd0 

  0x00000289e74992a0: ;   {section_word}
  0x00000289e74992a0: f449 baa1 | 9249 e789 | 0200 0041 

  0x00000289e74992ac: ;   {runtime_call DeoptimizationBlob}
  0x00000289e74992ac: 52e9 eeaa | 1107 f4f4 | f4f4 f4f4 
[/MachCode]


Compiled method (c1) 915 1930   !   3       org.eclipse.osgi.internal.loader.BundleLoader::findClass0 (491 bytes)
 total in heap  [0x00000289e7483b90,0x00000289e748a430] = 26784
 relocation     [0x00000289e7483cf0,0x00000289e7484420] = 1840
 main code      [0x00000289e7484420,0x00000289e7488960] = 17728
 stub code      [0x00000289e7488960,0x00000289e7488c98] = 824
 oops           [0x00000289e7488c98,0x00000289e7488cd8] = 64
 metadata       [0x00000289e7488cd8,0x00000289e7488de0] = 264
 scopes data    [0x00000289e7488de0,0x00000289e74897d0] = 2544
 scopes pcs     [0x00000289e74897d0,0x00000289e748a1c0] = 2544
 dependencies   [0x00000289e748a1c0,0x00000289e748a218] = 88
 handler table  [0x00000289e748a218,0x00000289e748a338] = 288
 nul chk table  [0x00000289e748a338,0x00000289e748a430] = 248

[Constant Pool (empty)]

[MachCode]
[Entry Point]
  # {method} {0x00000289c1584c68} 'findClass0' '(Ljava/lang/String;ZZ)Ljava/lang/Class;' in 'org/eclipse/osgi/internal/loader/BundleLoader'
  # this:     rdx:rdx   = 'org/eclipse/osgi/internal/loader/BundleLoader'
  # parm0:    r8:r8     = 'java/lang/String'
  # parm1:    r9        = boolean
  # parm2:    rdi       = boolean
  #           [sp+0x170]  (sp of caller)
  0x00000289e7484420: 448b 5208 | 49bb 0000 | 0080 8902 | 0000 4d03 | d34c 3bd0 

  0x00000289e7484434: ;   {runtime_call ic_miss_stub}
  0x00000289e7484434: 0f85 46a0 | 1207 660f | 1f44 0000 
[Verified Entry Point]
  0x00000289e7484440: 8984 2400 | 80ff ff55 | 4881 ec60 | 0100 0090 | 4181 7f20 | 0100 0000 

  0x00000289e7484458: ;   {runtime_call StubRoutines (final stubs)}
  0x00000289e7484458: 7405 e881 | 4511 0748 | 8994 24a0 | 0000 004c | 8984 24a8 | 0000 0044 | 898c 24b0 

  0x00000289e7484474: ;   {metadata(method data for {method} {0x00000289c1584c68} 'findClass0' '(Ljava/lang/String;ZZ)Ljava/lang/Class;' in 'org/eclipse/osgi/internal/loader/BundleLoader')}
  0x00000289e7484474: 0000 0048 | be70 0e91 | c189 0200 | 008b 9ecc | 0000 0083 | c302 899e | cc00 0000 | 81e3 fe07 
  0x00000289e7484494: 0000 85db | 0f84 dc3a | 0000 4585 

  0x00000289e74844a0: ;   {metadata(method data for {method} {0x00000289c1584c68} 'findClass0' '(Ljava/lang/String;ZZ)Ljava/lang/Class;' in 'org/eclipse/osgi/internal/loader/BundleLoader')}
  0x00000289e74844a0: c948 be70 | 0e91 c189 | 0200 0048 | c7c3 2001 | 0000 7507 | 48c7 c310 | 0100 0048 | 8b04 1e48 
  0x00000289e74844c0: 8d40 0148 | 8904 1e0f | 850c 0000 | 0089 bc24 | b400 0000 | e9ec 0000 | 008b 7248 

  0x00000289e74844dc: ;   {metadata(method data for {method} {0x00000289c1584c68} 'findClass0' '(Ljava/lang/String;ZZ)Ljava/lang/Class;' in 'org/eclipse/osgi/internal/loader/BundleLoader')}
  0x00000289e74844dc: 4885 f648 | be70 0e91 | c189 0200 | 0048 c7c3 | 3001 0000 | 7407 48c7 | c340 0100 | 0048 8b04 
  0x00000289e74844fc: 1e48 8d40 | 0148 8904 | 1e89 bc24 | b400 0000 | 0f84 b300 | 0000 493b | 0049 8bf0 

  0x00000289e7484518: ;   {metadata(method data for {method} {0x00000289c1584c68} 'findClass0' '(Ljava/lang/String;ZZ)Ljava/lang/Class;' in 'org/eclipse/osgi/internal/loader/BundleLoader')}
  0x00000289e7484518: 48bb 700e | 91c1 8902 | 0000 4883 | 8350 0100 

  0x00000289e7484528: ;   {metadata(method data for {method} {0x000002898044fe00} 'startsWith' '(Ljava/lang/String;)Z' in 'java/lang/String')}
  0x00000289e7484528: 0001 48be | 68b1 08c1 | 8902 0000 | 8b9e cc00 | 0000 83c3 | 0289 9ecc | 0000 0081 | e3fe ff1f 
  0x00000289e7484548: 0085 db0f | 844f 3a00 | 0049 8bf0 

  0x00000289e7484554: ;   {metadata(method data for {method} {0x000002898044fe00} 'startsWith' '(Ljava/lang/String;)Z' in 'java/lang/String')}
  0x00000289e7484554: 48bb 68b1 | 08c1 8902 | 0000 4883 | 8310 0100 | 0001 498b 

  0x00000289e7484568: ;   {oop("java."{0x00000000c0003068})}
  0x00000289e7484568: f049 b868 | 3000 c000 | 0000 0041 | b900 0000 | 0048 8bd6 

  0x00000289e748457c: ;   {optimized virtual_call}
  0x00000289e748457c: 6666 90e8 

  0x00000289e7484580: ; ImmutableOopMap {[160]=Oop [168]=Oop }
                      ;*invokevirtual startsWith {reexecute=0 rethrow=0 return_oop=0}
                      ; - java.lang.String::startsWith@3
                      ; - org.eclipse.osgi.internal.loader.BundleLoader::findClass0@14 (line 465)
  0x00000289e7484580: 5c50 8907 

  0x00000289e7484584: ;   {other}
  0x00000289e7484584: 0f1f 8400 | f409 0000 | 83e0 0185 

  0x00000289e7484590: ;   {metadata(method data for {method} {0x00000289c1584c68} 'findClass0' '(Ljava/lang/String;ZZ)Ljava/lang/Class;' in 'org/eclipse/osgi/internal/loader/BundleLoader')}
  0x00000289e7484590: c048 ba70 | 0e91 c189 | 0200 0048 | c7c6 9801 | 0000 7507 | 48c7 c688 | 0100 0048 | 8b3c 3248 
  0x00000289e74845b0: 8d7f 0148 | 893c 3248 | 8b94 24a0 | 0000 000f | 8509 3700 | 008b 5a18 | 4889 9c24 | c000 0000 
  0x00000289e74845d0: ; implicit exception: dispatches to 0x00000289e7487fc1
  0x00000289e74845d0: 0fbe 730e 

  0x00000289e74845d4: ;   {metadata(method data for {method} {0x00000289c1584c68} 'findClass0' '(Ljava/lang/String;ZZ)Ljava/lang/Class;' in 'org/eclipse/osgi/internal/loader/BundleLoader')}
  0x00000289e74845d4: 85f6 48be | 700e 91c1 | 8902 0000 | 48c7 c7e0 | 0100 0074 | 0748 c7c7 | f001 0000 | 488b 043e 
  0x00000289e74845f4: 488d 4001 | 4889 043e | 0f84 f208 | 0000 660f | 1f44 0000 

  0x00000289e7484608: ;   {no_reloc}
  0x00000289e7484608: e9c8 3900 | 0000 0000 | 0000 498b | 87b8 0100 | 0048 8d78 | 1849 3bbf | c801 0000 | 0f87 b539 
  0x00000289e7484628: 0000 4989 | bfb8 0100 | 0048 c700 | 0100 0000 | 488b ca49 | ba00 0000 | 8089 0200 | 0049 2bca 
  0x00000289e7484648: 8948 0848 | 33c9 8948 | 0c48 33c9 | 4889 4810 | 4889 8424 | b800 0000 

  0x00000289e7484660: ;   {metadata(method data for {method} {0x00000289c1584c68} 'findClass0' '(Ljava/lang/String;ZZ)Ljava/lang/Class;' in 'org/eclipse/osgi/internal/loader/BundleLoader')}
  0x00000289e7484660: 4c8b c048 | ba70 0e91 | c189 0200 | 0048 8382 | 0002 0000 

  0x00000289e7484674: ;   {metadata(method data for {method} {0x000002898045dd28} '<init>' '(Ljava/lang/String;)V' in 'java/lang/StringBuilder')}
  0x00000289e7484674: 0149 b8d0 | 842d c189 | 0200 0041 | 8b90 cc00 | 0000 83c2 | 0241 8990 | cc00 0000 | 81e2 feff 
  0x00000289e7484694: 1f00 85d2 | 0f84 4e39 | 0000 4c8b 

  0x00000289e74846a0: ;   {metadata(method data for {method} {0x000002898045dd28} '<init>' '(Ljava/lang/String;)V' in 'java/lang/StringBuilder')}
  0x00000289e74846a0: c048 bad0 | 842d c189 | 0200 0048 | 8382 1001 

  0x00000289e74846b0: ;   {oop("BundleLoader["{0x00000000eacffa00})}
  0x00000289e74846b0: 0000 0149 | b800 facf | ea00 0000 | 0048 8bd0 | 0f1f 8000 

  0x00000289e74846c4: ;   {optimized virtual_call}
  0x00000289e74846c4: 0000 00e8 

  0x00000289e74846c8: ; ImmutableOopMap {[160]=Oop [168]=Oop [184]=Oop [192]=Oop }
                      ;*invokespecial <init> {reexecute=0 rethrow=0 return_oop=0}
                      ; - java.lang.StringBuilder::<init>@2
                      ; - org.eclipse.osgi.internal.loader.BundleLoader::findClass0@53 (line 473)
  0x00000289e74846c8: b4a0 1207 

  0x00000289e74846cc: ;   {other}
  0x00000289e74846cc: 0f1f 8400 | 3c0b 0001 | 488b 8424 | b800 0000 

  0x00000289e74846dc: ;   {metadata(method data for {method} {0x00000289c1584c68} 'findClass0' '(Ljava/lang/String;ZZ)Ljava/lang/Class;' in 'org/eclipse/osgi/internal/loader/BundleLoader')}
  0x00000289e74846dc: 48ba 700e | 91c1 8902 | 0000 4883 | 8210 0200 

  0x00000289e74846ec: ;   {metadata(method data for {method} {0x000002898045dac0} 'append' '(Ljava/lang/Object;)Ljava/lang/StringBuilder;' in 'java/lang/StringBuilder')}
  0x00000289e74846ec: 0001 48ba | 987c 09c1 | 8902 0000 | 8bb2 cc00 | 0000 83c6 | 0289 b2cc | 0000 0081 | e6fe ff1f 
  0x00000289e748470c: 0085 f60f | 84f8 3800 

  0x00000289e7484714: ;   {metadata(method data for {method} {0x000002898045dac0} 'append' '(Ljava/lang/Object;)Ljava/lang/StringBuilder;' in 'java/lang/StringBuilder')}
  0x00000289e7484714: 0048 ba98 | 7c09 c189 | 0200 0048 | 8382 1001 

  0x00000289e7484724: ;   {metadata(method data for {method} {0x0000028980451248} 'valueOf' '(Ljava/lang/Object;)Ljava/lang/String;' in 'java/lang/String')}
  0x00000289e7484724: 0000 0148 | ba38 7e09 | c189 0200 | 008b b2cc | 0000 0083 | c602 89b2 | cc00 0000 | 81e6 feff 
  0x00000289e7484744: 1f00 85f6 | 0f84 e038 

  0x00000289e748474c: ;   {metadata(method data for {method} {0x0000028980451248} 'valueOf' '(Ljava/lang/Object;)Ljava/lang/String;' in 'java/lang/String')}
  0x00000289e748474c: 0000 48ba | 387e 09c1 | 8902 0000 | ff82 1001 | 0000 488b | 9424 a000 

  0x00000289e7484764: ;   {metadata(method data for {method} {0x0000028980451248} 'valueOf' '(Ljava/lang/Object;)Ljava/lang/String;' in 'java/lang/String')}
  0x00000289e7484764: 0000 48be | 387e 09c1 | 8902 0000 | 8b52 0849 | ba00 0000 | 8089 0200 | 0049 03d2 | 483b 9658 
  0x00000289e7484784: 0100 0075 | 0d48 8386 | 6001 0000 | 01e9 6000 | 0000 483b | 9668 0100 | 0075 0d48 | 8386 7001 
  0x00000289e74847a4: 0000 01e9 | 4a00 0000 | 4883 be58 | 0100 0000 | 7517 4889 | 9658 0100 | 0048 c786 | 6001 0000 
  0x00000289e74847c4: 0100 0000 | e929 0000 | 0048 83be | 6801 0000 | 0075 1748 | 8996 6801 | 0000 48c7 | 8670 0100 
  0x00000289e74847e4: 0001 0000 | 00e9 0800 | 0000 4883 | 8648 0100 | 0001 488b | 9424 a000 

  0x00000289e74847fc: ;   {optimized virtual_call}
  0x00000289e74847fc: 0000 90e8 

  0x00000289e7484800: ; ImmutableOopMap {[160]=Oop [168]=Oop [184]=Oop [192]=Oop }
                      ;*invokevirtual toString {reexecute=0 rethrow=0 return_oop=0}
                      ; - java.lang.String::valueOf@11
                      ; - java.lang.StringBuilder::append@2
                      ; - org.eclipse.osgi.internal.loader.BundleLoader::findClass0@57 (line 473)
  0x00000289e7484800: 7c9f 1207 

  0x00000289e7484804: ;   {other}
  0x00000289e7484804: 0f1f 8400 | 740c 0002 | 4c8b 8424 | b800 0000 

  0x00000289e7484814: ;   {metadata(method data for {method} {0x000002898045dac0} 'append' '(Ljava/lang/Object;)Ljava/lang/StringBuilder;' in 'java/lang/StringBuilder')}
  0x00000289e7484814: 48ba 987c | 09c1 8902 | 0000 4883 | 8220 0100 

  0x00000289e7484824: ;   {metadata(method data for {method} {0x000002898045da68} 'append' '(Ljava/lang/String;)Ljava/lang/StringBuilder;' in 'java/lang/StringBuilder')}
  0x00000289e7484824: 0001 49b8 | 30bc 00c1 | 8902 0000 | 418b 90cc | 0000 0083 | c202 4189 | 90cc 0000 | 0081 e2fe 
  0x00000289e7484844: ff1f 0085 | d20f 8400 | 3800 004c | 8b84 24b8 

  0x00000289e7484854: ;   {metadata(method data for {method} {0x000002898045da68} 'append' '(Ljava/lang/String;)Ljava/lang/StringBuilder;' in 'java/lang/StringBuilder')}
  0x00000289e7484854: 0000 0048 | ba30 bc00 | c189 0200 | 0048 8382 | 1001 0000 | 014c 8bc0 | 488b 9424 | b800 0000 
  0x00000289e7484874: ;   {optimized virtual_call}
  0x00000289e7484874: 6666 90e8 

  0x00000289e7484878: ; ImmutableOopMap {[160]=Oop [168]=Oop [184]=Oop [192]=Oop }
                      ;*invokespecial append {reexecute=0 rethrow=0 return_oop=0}
                      ; - java.lang.StringBuilder::append@2
                      ; - java.lang.StringBuilder::append@5
                      ; - org.eclipse.osgi.internal.loader.BundleLoader::findClass0@57 (line 473)
  0x00000289e7484878: 049f 1207 

  0x00000289e748487c: ;   {other}
  0x00000289e748487c: 0f1f 8400 | ec0c 0003 | 488b 8424 | b800 0000 

  0x00000289e748488c: ;   {metadata(method data for {method} {0x00000289c1584c68} 'findClass0' '(Ljava/lang/String;ZZ)Ljava/lang/Class;' in 'org/eclipse/osgi/internal/loader/BundleLoader')}
  0x00000289e748488c: 4c8b c048 | ba70 0e91 | c189 0200 | 0048 8382 | 4802 0000 

  0x00000289e74848a0: ;   {metadata(method data for {method} {0x000002898045da68} 'append' '(Ljava/lang/String;)Ljava/lang/StringBuilder;' in 'java/lang/StringBuilder')}
  0x00000289e74848a0: 0149 b830 | bc00 c189 | 0200 0041 | 8b90 cc00 | 0000 83c2 | 0241 8990 | cc00 0000 | 81e2 feff 
  0x00000289e74848c0: 1f00 85d2 | 0f84 a637 | 0000 4c8b 

  0x00000289e74848cc: ;   {metadata(method data for {method} {0x000002898045da68} 'append' '(Ljava/lang/String;)Ljava/lang/StringBuilder;' in 'java/lang/StringBuilder')}
  0x00000289e74848cc: c048 ba30 | bc00 c189 | 0200 0048 | 8382 1001 

  0x00000289e74848dc: ;   {oop("].findClass("{0x00000000eacffbb0})}
  0x00000289e74848dc: 0000 0149 | b8b0 fbcf | ea00 0000 | 0048 8bd0 

  0x00000289e74848ec: ;   {optimized virtual_call}
  0x00000289e74848ec: 6666 90e8 

  0x00000289e74848f0: ; ImmutableOopMap {[160]=Oop [168]=Oop [184]=Oop [192]=Oop }
                      ;*invokespecial append {reexecute=0 rethrow=0 return_oop=0}
                      ; - java.lang.StringBuilder::append@2
                      ; - org.eclipse.osgi.internal.loader.BundleLoader::findClass0@63 (line 473)
  0x00000289e74848f0: 8c9e 1207 

  0x00000289e74848f4: ;   {other}
  0x00000289e74848f4: 0f1f 8400 | 640d 0004 | 488b 8424 | b800 0000 

  0x00000289e7484904: ;   {metadata(method data for {method} {0x00000289c1584c68} 'findClass0' '(Ljava/lang/String;ZZ)Ljava/lang/Class;' in 'org/eclipse/osgi/internal/loader/BundleLoader')}
  0x00000289e7484904: 49b8 700e | 91c1 8902 | 0000 4983 | 8080 0200 

  0x00000289e7484914: ;   {metadata(method data for {method} {0x000002898045da68} 'append' '(Ljava/lang/String;)Ljava/lang/StringBuilder;' in 'java/lang/StringBuilder')}
  0x00000289e7484914: 0001 49b8 | 30bc 00c1 | 8902 0000 | 418b 90cc | 0000 0083 | c202 4189 | 90cc 0000 | 0081 e2fe 
  0x00000289e7484934: ff1f 0085 | d20f 8452 | 3700 0048 | 8b84 24b8 

  0x00000289e7484944: ;   {metadata(method data for {method} {0x000002898045da68} 'append' '(Ljava/lang/String;)Ljava/lang/StringBuilder;' in 'java/lang/StringBuilder')}
  0x00000289e7484944: 0000 0049 | b830 bc00 | c189 0200 | 0049 8380 | 1001 0000 | 014c 8b84 | 24a8 0000 | 0048 8b94 
  0x00000289e7484964: 24b8 0000 | 0066 0f1f 

  0x00000289e748496c: ;   {optimized virtual_call}
  0x00000289e748496c: 4400 00e8 

  0x00000289e7484970: ; ImmutableOopMap {[160]=Oop [168]=Oop [184]=Oop [192]=Oop }
                      ;*invokespecial append {reexecute=0 rethrow=0 return_oop=0}
                      ; - java.lang.StringBuilder::append@2
                      ; - org.eclipse.osgi.internal.loader.BundleLoader::findClass0@67 (line 473)
  0x00000289e7484970: 0c9e 1207 

  0x00000289e7484974: ;   {other}
  0x00000289e7484974: 0f1f 8400 | e40d 0005 | 488b 8424 | b800 0000 

  0x00000289e7484984: ;   {metadata(method data for {method} {0x00000289c1584c68} 'findClass0' '(Ljava/lang/String;ZZ)Ljava/lang/Class;' in 'org/eclipse/osgi/internal/loader/BundleLoader')}
  0x00000289e7484984: 49b8 700e | 91c1 8902 | 0000 4983 | 80b8 0200 

  0x00000289e7484994: ;   {metadata(method data for {method} {0x000002898045da68} 'append' '(Ljava/lang/String;)Ljava/lang/StringBuilder;' in 'java/lang/StringBuilder')}
  0x00000289e7484994: 0001 49b8 | 30bc 00c1 | 8902 0000 | 418b 90cc | 0000 0083 | c202 4189 | 90cc 0000 | 0081 e2fe 
  0x00000289e74849b4: ff1f 0085 | d20f 84f3 | 3600 0048 | 8b84 24b8 

  0x00000289e74849c4: ;   {metadata(method data for {method} {0x000002898045da68} 'append' '(Ljava/lang/String;)Ljava/lang/StringBuilder;' in 'java/lang/StringBuilder')}
  0x00000289e74849c4: 0000 0049 | b830 bc00 | c189 0200 | 0049 8380 | 1001 0000 

  0x00000289e74849d8: ;   {oop(")"{0x00000000c0000ea8})}
  0x00000289e74849d8: 0149 b8a8 | 0e00 c000 | 0000 0048 | 8b94 24b8 | 0000 000f 

  0x00000289e74849ec: ;   {optimized virtual_call}
  0x00000289e74849ec: 1f40 00e8 

  0x00000289e74849f0: ; ImmutableOopMap {[160]=Oop [168]=Oop [184]=Oop [192]=Oop }
                      ;*invokespecial append {reexecute=0 rethrow=0 return_oop=0}
                      ; - java.lang.StringBuilder::append@2
                      ; - org.eclipse.osgi.internal.loader.BundleLoader::findClass0@73 (line 473)
  0x00000289e74849f0: 8c9d 1207 

  0x00000289e74849f4: ;   {other}
  0x00000289e74849f4: 0f1f 8400 | 640e 0006 | 488b 8424 | b800 0000 

  0x00000289e7484a04: ;   {metadata(method data for {method} {0x00000289c1584c68} 'findClass0' '(Ljava/lang/String;ZZ)Ljava/lang/Class;' in 'org/eclipse/osgi/internal/loader/BundleLoader')}
  0x00000289e7484a04: 48ba 700e | 91c1 8902 | 0000 4883 | 82f0 0200 

  0x00000289e7484a14: ;   {metadata(method data for {method} {0x0000028980008910} 'toString' '()Ljava/lang/String;' in 'java/lang/StringBuilder')}
  0x00000289e7484a14: 0001 48ba | b8c3 00c1 | 8902 0000 | 8bb2 cc00 | 0000 83c6 | 0289 b2cc | 0000 0081 | e6fe ff1f 
  0x00000289e7484a34: 0085 f60f | 8496 3600 

  0x00000289e7484a3c: ;   {metadata('java/lang/String')}
  0x00000289e7484a3c: 0048 ba40 | e700 8089 | 0200 0049 | 8b87 b801 | 0000 488d | 7818 493b | bfc8 0100 | 000f 8795 
  0x00000289e7484a5c: 3600 0049 | 89bf b801 | 0000 48c7 | 0001 0000 | 0048 8bca | 49ba 0000 | 0080 8902 | 0000 492b 
  0x00000289e7484a7c: ca89 4808 | 4833 c989 | 480c 4833 | c948 8948 | 104c 8bc0 

  0x00000289e7484a90: ;   {metadata(method data for {method} {0x0000028980008910} 'toString' '()Ljava/lang/String;' in 'java/lang/StringBuilder')}
  0x00000289e7484a90: 49b9 b8c3 | 00c1 8902 | 0000 4983 | 8110 0100 

  0x00000289e7484aa0: ;   {metadata(method data for {method} {0x0000028980451da0} '<init>' '(Ljava/lang/StringBuilder;)V' in 'java/lang/String')}
  0x00000289e7484aa0: 0001 49b8 | 00c5 00c1 | 8902 0000 | 458b 88cc | 0000 0041 | 83c1 0245 | 8988 cc00 | 0000 4181 
  0x00000289e7484ac0: e1fe ff1f | 0045 85c9 | 0f84 3336 | 0000 4c8b 

  0x00000289e7484ad0: ;   {metadata(method data for {method} {0x0000028980451da0} '<init>' '(Ljava/lang/StringBuilder;)V' in 'java/lang/String')}
  0x00000289e7484ad0: c049 b900 | c500 c189 | 0200 0049 | 8381 1001 | 0000 014c | 8b84 24b8 

  0x00000289e7484ae8: ;   {oop(nullptr)}
  0x00000289e7484ae8: 0000 0049 | b900 0000 | 0000 0000 | 0048 8bd0 | 4889 8424 | c800 0000 | 0f1f 8000 

  0x00000289e7484b04: ;   {optimized virtual_call}
  0x00000289e7484b04: 0000 00e8 

  0x00000289e7484b08: ; ImmutableOopMap {[160]=Oop [168]=Oop [192]=Oop [200]=Oop }
                      ;*invokespecial <init> {reexecute=0 rethrow=0 return_oop=0}
                      ; - java.lang.String::<init>@3
                      ; - java.lang.StringBuilder::toString@5
                      ; - org.eclipse.osgi.internal.loader.BundleLoader::findClass0@76 (line 473)
  0x00000289e7484b08: 749c 1207 

  0x00000289e7484b0c: ;   {other}
  0x00000289e7484b0c: 0f1f 8400 | 7c0f 0007 | 488b 9c24 | c000 0000 

  0x00000289e7484b1c: ;   {metadata(method data for {method} {0x00000289c1584c68} 'findClass0' '(Ljava/lang/String;ZZ)Ljava/lang/Class;' in 'org/eclipse/osgi/internal/loader/BundleLoader')}
  0x00000289e7484b1c: 49b8 700e | 91c1 8902 

  0x00000289e7484b24: ;   {metadata('org/eclipse/osgi/internal/debug/Debug')}
  0x00000289e7484b24: 0000 49ba | d87b 0881 | 8902 0000 | 4d89 9038 | 0300 0049 | 8380 4003 

  0x00000289e7484b3c: ;   {metadata(method data for {method} {0x00000289c14cf270} 'trace' '(Ljava/lang/String;Ljava/lang/String;)V' in 'org/eclipse/osgi/internal/debug/Debug')}
  0x00000289e7484b3c: 0000 0149 | b860 7b77 | c189 0200 | 0045 8b88 | cc00 0000 | 4183 c102 | 4589 88cc | 0000 0041 
  0x00000289e7484b5c: 81e1 feff | 1f00 4585 | c90f 84b7 | 3500 0048 | 8b9c 24c0 | 0000 008b | 5320 4885 

  0x00000289e7484b78: ;   {metadata(method data for {method} {0x00000289c14cf270} 'trace' '(Ljava/lang/String;Ljava/lang/String;)V' in 'org/eclipse/osgi/internal/debug/Debug')}
  0x00000289e7484b78: d249 b860 | 7b77 c189 | 0200 0049 | c7c1 1001 | 0000 7407 | 49c7 c120 | 0100 004b | 8b34 0848 
  0x00000289e7484b98: 8d76 014b | 8934 080f | 84fd 0200 | 0048 85d2 | 0f84 2900 

  0x00000289e7484bac: ;   {metadata('org/eclipse/osgi/internal/log/ExtendedLogServiceImpl')}
  0x00000289e7484bac: 0000 48bf | 809f 0881 | 8902 0000 | 8b72 0849 | ba00 0000 | 8089 0200 | 0049 03f2 | 483b 7e38 
  0x00000289e7484bcc: 0f85 7135 | 0000 e900 | 0000 004c | 8bc2 483b | 024c 8bc2 

  0x00000289e7484be0: ;   {metadata(method data for {method} {0x00000289c14cf270} 'trace' '(Ljava/lang/String;Ljava/lang/String;)V' in 'org/eclipse/osgi/internal/debug/Debug')}
  0x00000289e7484be0: 49b9 607b | 77c1 8902 

  0x00000289e7484be8: ;   {metadata('org/eclipse/osgi/internal/log/ExtendedLogServiceImpl')}
  0x00000289e7484be8: 0000 49ba | 809f 0881 | 8902 0000 | 4d89 9140 | 0100 0049 | 8381 4801 

  0x00000289e7484c00: ;   {metadata(method data for {method} {0x00000289c14f62b0} 'getLogger' '(Ljava/lang/String;)Lorg/osgi/service/log/Logger;' in 'org/eclipse/osgi/internal/log/ExtendedLogServiceImpl')}
  0x00000289e7484c00: 0000 0149 | b8c8 3d76 | c189 0200 | 0045 8b88 | cc00 0000 | 4183 c102 | 4589 88cc | 0000 0041 
  0x00000289e7484c20: 81e1 feff | 1f00 4585 | c90f 841e | 3500 004c 

  0x00000289e7484c30: ;   {metadata(method data for {method} {0x00000289c14f62b0} 'getLogger' '(Ljava/lang/String;)Lorg/osgi/service/log/Logger;' in 'org/eclipse/osgi/internal/log/ExtendedLogServiceImpl')}
  0x00000289e7484c30: 8bc2 49b9 | c83d 76c1 | 8902 0000 

  0x00000289e7484c3c: ;   {metadata('org/eclipse/osgi/internal/log/ExtendedLogServiceImpl')}
  0x00000289e7484c3c: 49ba 809f | 0881 8902 | 0000 4d89 | 9120 0100 | 0049 8381 | 2801 0000 

  0x00000289e7484c54: ;   {metadata(method data for {method} {0x00000289c14f3b38} 'getLogger' '(Ljava/lang/String;)Lorg/eclipse/equinox/log/Logger;' in 'org/eclipse/osgi/internal/log/ExtendedLogServiceImpl')}
  0x00000289e7484c54: 0149 b8a0 | 7d77 c189 | 0200 0045 | 8b88 cc00 | 0000 4183 | c102 4589 | 88cc 0000 | 0041 81e1 
  0x00000289e7484c74: feff 1f00 | 4585 c90f | 84ed 3400 | 004c 8bc2 

  0x00000289e7484c84: ;   {metadata(method data for {method} {0x00000289c14f3b38} 'getLogger' '(Ljava/lang/String;)Lorg/eclipse/equinox/log/Logger;' in 'org/eclipse/osgi/internal/log/ExtendedLogServiceImpl')}
  0x00000289e7484c84: 49b9 a07d | 77c1 8902 

  0x00000289e7484c8c: ;   {metadata('org/eclipse/osgi/internal/log/ExtendedLogServiceImpl')}
  0x00000289e7484c8c: 0000 49ba | 809f 0881 | 8902 0000 | 4d89 9120 | 0100 0049 | 8381 2801 

  0x00000289e7484ca4: ;   {oop("org.eclipse.osgi/debug/loader"{0x00000000ecb94518})}
  0x00000289e7484ca4: 0000 0149 | b818 45b9 | ec00 0000 

  0x00000289e7484cb0: ;   {oop(a 'java/lang/Class'{0x00000000ec8271d0} = 'org/osgi/service/log/Logger')}
  0x00000289e7484cb0: 0049 b9d0 | 7182 ec00 | 0000 000f 

  0x00000289e7484cbc: ;   {optimized virtual_call}
  0x00000289e7484cbc: 1f40 00e8 

  0x00000289e7484cc0: ; ImmutableOopMap {[160]=Oop [168]=Oop [200]=Oop }
                      ;*invokevirtual getLogger {reexecute=0 rethrow=0 return_oop=0}
                      ; - org.eclipse.osgi.internal.log.ExtendedLogServiceImpl::getLogger@4 (line 73)
                      ; - org.eclipse.osgi.internal.log.ExtendedLogServiceImpl::getLogger@2 (line 1)
                      ; - org.eclipse.osgi.internal.debug.Debug::trace@11 (line 230)
                      ; - org.eclipse.osgi.internal.loader.BundleLoader::findClass0@79 (line 473)
  0x00000289e7484cc0: bc9a 1207 

  0x00000289e7484cc4: ;   {other}
  0x00000289e7484cc4: 0f1f 8400 | 3411 0008 | 4885 c075 

  0x00000289e7484cd0: ;   {metadata(method data for {method} {0x00000289c14f3b38} 'getLogger' '(Ljava/lang/String;)Lorg/eclipse/equinox/log/Logger;' in 'org/eclipse/osgi/internal/log/ExtendedLogServiceImpl')}
  0x00000289e7484cd0: 1648 bea0 | 7d77 c189 | 0200 0080 | 8e41 0100 | 0001 e9e7 

  0x00000289e7484ce4: ;   {metadata('org/eclipse/equinox/log/Logger')}
  0x00000289e7484ce4: 0000 0048 | bf48 3b08 | 8189 0200 | 008b 7008 | 49ba 0000 | 0080 8902 | 0000 4903 | f248 3b7e 
  0x00000289e7484d04: 200f 841a | 0000 0048 | 3bf7 0f84 | 1100 0000 

  0x00000289e7484d14: ;   {runtime_call slow_subtype_check Runtime1 stub}
  0x00000289e7484d14: 5657 e8e5 | c61d 075e | 5e85 f60f | 848d 0000 

  0x00000289e7484d24: ;   {metadata(method data for {method} {0x00000289c14f3b38} 'getLogger' '(Ljava/lang/String;)Lorg/eclipse/equinox/log/Logger;' in 'org/eclipse/osgi/internal/log/ExtendedLogServiceImpl')}
  0x00000289e7484d24: 0048 bea0 | 7d77 c189 | 0200 008b | 7808 49ba | 0000 0080 | 8902 0000 | 4903 fa48 | 3bbe 5801 
  0x00000289e7484d44: 0000 750d | 4883 8660 | 0100 0001 | e979 0000 | 0048 3bbe | 6801 0000 | 750d 4883 | 8670 0100 
  0x00000289e7484d64: 0001 e963 | 0000 0048 | 83be 5801 | 0000 0075 | 1748 89be | 5801 0000 | 48c7 8660 | 0100 0001 
  0x00000289e7484d84: 0000 00e9 | 4200 0000 | 4883 be68 | 0100 0000 | 7517 4889 | be68 0100 | 0048 c786 | 7001 0000 
  0x00000289e7484da4: 0100 0000 | e921 0000 | 00e9 1c00 

  0x00000289e7484db0: ;   {metadata(method data for {method} {0x00000289c14f3b38} 'getLogger' '(Ljava/lang/String;)Lorg/eclipse/equinox/log/Logger;' in 'org/eclipse/osgi/internal/log/ExtendedLogServiceImpl')}
  0x00000289e7484db0: 0000 48be | a07d 77c1 | 8902 0000 | 4883 ae48 | 0100 0001 | e9c6 3300 | 00e9 0000 | 0000 488b 
  0x00000289e7484dd0: d048 3b02 

  0x00000289e7484dd4: ;   {metadata(method data for {method} {0x00000289c14cf270} 'trace' '(Ljava/lang/String;Ljava/lang/String;)V' in 'org/eclipse/osgi/internal/debug/Debug')}
  0x00000289e7484dd4: 4c8b c248 | be60 7b77 | c189 0200 | 0045 8b40 | 0849 ba00 | 0000 8089 | 0200 004d | 03c2 4c3b 
  0x00000289e7484df4: 8678 0100 | 0075 0d48 | 8386 8001 | 0000 01e9 | 6000 0000 | 4c3b 8688 | 0100 0075 | 0d48 8386 
  0x00000289e7484e14: 9001 0000 | 01e9 4a00 | 0000 4883 | be78 0100 | 0000 7517 | 4c89 8678 | 0100 0048 | c786 8001 
  0x00000289e7484e34: 0000 0100 | 0000 e929 | 0000 0048 | 83be 8801 | 0000 0075 | 174c 8986 | 8801 0000 | 48c7 8690 
  0x00000289e7484e54: 0100 0001 | 0000 00e9 | 0800 0000 | 4883 8668 | 0100 0001 | 4c8b 8424 | c800 0000 | 0f1f 4400 
  0x00000289e7484e74: 0048 b8ff | ffff ffff 

  0x00000289e7484e7c: ;   {virtual_call}
  0x00000289e7484e7c: ffff ffe8 

  0x00000289e7484e80: ; ImmutableOopMap {[160]=Oop [168]=Oop }
                      ;*invokeinterface trace {reexecute=0 rethrow=0 return_oop=0}
                      ; - org.eclipse.osgi.internal.debug.Debug::trace@17 (line 230)
                      ; - org.eclipse.osgi.internal.loader.BundleLoader::findClass0@79 (line 473)
  0x00000289e7484e80: fc9b 1207 

  0x00000289e7484e84: ;   {other}
  0x00000289e7484e84: 0f1f 8400 | f412 0009 

  0x00000289e7484e8c: ;   {metadata(method data for {method} {0x00000289c14cf270} 'trace' '(Ljava/lang/String;Ljava/lang/String;)V' in 'org/eclipse/osgi/internal/debug/Debug')}
  0x00000289e7484e8c: 49b8 607b | 77c1 8902 | 0000 41ff | 80a0 0100 | 00e9 5200 | 0000 488b | 8424 c800 

  0x00000289e7484ea8: ;   {oop(a 'java/lang/Class'{0x00000000ec8268b8} = 'org/eclipse/osgi/internal/debug/Debug')}
  0x00000289e7484ea8: 0000 49b8 | b868 82ec | 0000 0000 | 418b 90c8 | 0000 0048 | 3b02 4c8b 

  0x00000289e7484ec0: ;   {metadata(method data for {method} {0x00000289c14cf270} 'trace' '(Ljava/lang/String;Ljava/lang/String;)V' in 'org/eclipse/osgi/internal/debug/Debug')}
  0x00000289e7484ec0: c248 be60 | 7b77 c189 

  0x00000289e7484ec8: ;   {metadata('java/io/PrintStream')}
  0x00000289e7484ec8: 0200 0049 | ba60 a300 | 8089 0200 | 004c 8996 | c801 0000 | 4883 86d0 | 0100 0001 

  0x00000289e7484ee4: ;   {optimized virtual_call}
  0x00000289e7484ee4: 4c8b c0e8 

  0x00000289e7484ee8: ; ImmutableOopMap {[160]=Oop [168]=Oop }
                      ;*invokevirtual println {reexecute=0 rethrow=0 return_oop=0}
                      ; - org.eclipse.osgi.internal.debug.Debug::trace@29 (line 232)
                      ; - org.eclipse.osgi.internal.loader.BundleLoader::findClass0@79 (line 473)
  0x00000289e7484ee8: 9498 1207 

  0x00000289e7484eec: ;   {other}
  0x00000289e7484eec: 0f1f 8400 | 5c13 000a | 4c8b 8424 | a800 0000 

  0x00000289e7484efc: ;   {metadata(method data for {method} {0x00000289c1584c68} 'findClass0' '(Ljava/lang/String;ZZ)Ljava/lang/Class;' in 'org/eclipse/osgi/internal/loader/BundleLoader')}
  0x00000289e7484efc: 48b9 700e | 91c1 8902 | 0000 4883 | 8160 0300 

  0x00000289e7484f0c: ;   {metadata(method data for {method} {0x00000289c1583178} 'getPackageName' '(Ljava/lang/String;)Ljava/lang/String;' in 'org/eclipse/osgi/internal/loader/BundleLoader')}
  0x00000289e7484f0c: 0001 48b9 | a01b 91c1 | 8902 0000 | 448b 89cc | 0000 0041 | 83c1 0244 | 8989 cc00 | 0000 4181 
  0x00000289e7484f2c: e1fe ff1f | 0045 85c9 | 0f84 6832 | 0000 4d85 

  0x00000289e7484f3c: ;   {metadata(method data for {method} {0x00000289c1583178} 'getPackageName' '(Ljava/lang/String;)Ljava/lang/String;' in 'org/eclipse/osgi/internal/loader/BundleLoader')}
  0x00000289e7484f3c: c048 b9a0 | 1b91 c189 | 0200 0049 | c7c1 1001 | 0000 7407 | 49c7 c120 | 0100 004a | 8b14 0948 
  0x00000289e7484f5c: 8d52 014a | 8914 090f | 8459 0100 | 0049 3b00 

  0x00000289e7484f6c: ;   {metadata(method data for {method} {0x00000289c1583178} 'getPackageName' '(Ljava/lang/String;)Ljava/lang/String;' in 'org/eclipse/osgi/internal/loader/BundleLoader')}
  0x00000289e7484f6c: 498b c849 | b9a0 1b91 | c189 0200 | 0049 8381 | 3001 0000 

  0x00000289e7484f80: ;   {metadata(method data for {method} {0x000002898044fcf8} 'lastIndexOf' '(I)I' in 'java/lang/String')}
  0x00000289e7484f80: 0148 b900 | 7205 c189 | 0200 0044 | 8b89 cc00 | 0000 4183 | c102 4489 | 89cc 0000 | 0041 81e1 
  0x00000289e7484fa0: feff 1f00 | 4585 c90f | 841b 3200 | 0049 8bc8 

  0x00000289e7484fb0: ;   {metadata(method data for {method} {0x000002898044fcf8} 'lastIndexOf' '(I)I' in 'java/lang/String')}
  0x00000289e7484fb0: 49b9 0072 | 05c1 8902 | 0000 4983 | 8110 0100 

  0x00000289e7484fc0: ;   {metadata(method data for {method} {0x000002898000ed38} 'length' '()I' in 'java/lang/String')}
  0x00000289e7484fc0: 0001 48b9 | 8000 01c1 | 8902 0000 | 448b 89cc | 0000 0041 | 83c1 0244 | 8989 cc00 | 0000 4181 
  0x00000289e7484fe0: e1fe ff1f | 0045 85c9 | 0f84 fb31 | 0000 418b | 4814 448b | 490c 498b 

  0x00000289e7484ff8: ;   {metadata(method data for {method} {0x000002898000ed38} 'length' '()I' in 'java/lang/String')}
  0x00000289e7484ff8: c848 ba80 | 0001 c189 | 0200 0048 | 8382 1001 

  0x00000289e7485008: ;   {metadata(method data for {method} {0x0000028980450fe0} 'coder' '()B' in 'java/lang/String')}
  0x00000289e7485008: 0000 0148 | b908 ff00 | c189 0200 | 008b 91cc | 0000 0083 | c202 8991 | cc00 0000 | 81e2 feff 
  0x00000289e7485028: 1f00 85d2 | 0f84 dd31 

  0x00000289e7485030: ;   {metadata(method data for {method} {0x0000028980450fe0} 'coder' '()B' in 'java/lang/String')}
  0x00000289e7485030: 0000 48b9 | 08ff 00c1 | 8902 0000 | ff81 2001 | 0000 410f 

  0x00000289e7485044: ;   {metadata(method data for {method} {0x0000028980450fe0} 'coder' '()B' in 'java/lang/String')}
  0x00000289e7485044: be48 1048 | ba08 ff00 | c189 0200 | 00ff 8230 | 0100 00c1 | e118 c1f9 | 1841 d3f9 

  0x00000289e7485060: ;   {metadata(method data for {method} {0x000002898044fcf8} 'lastIndexOf' '(I)I' in 'java/lang/String')}
  0x00000289e7485060: 498b d048 | be00 7205 | c189 0200 | 0048 8386 | 4801 0000 | 0141 ffc9 | 498b f041 | b82e 0000 
  0x00000289e7485080: 0048 8bd6 

  0x00000289e7485084: ;   {optimized virtual_call}
  0x00000289e7485084: 6666 90e8 

  0x00000289e7485088: ; ImmutableOopMap {[160]=Oop [168]=Oop }
                      ;*invokevirtual lastIndexOf {reexecute=0 rethrow=0 return_oop=0}
                      ; - java.lang.String::lastIndexOf@8
                      ; - org.eclipse.osgi.internal.loader.BundleLoader::getPackageName@7 (line 143)
                      ; - org.eclipse.osgi.internal.loader.BundleLoader::findClass0@83 (line 475)
  0x00000289e7485088: f436 d0ff 

  0x00000289e748508c: ;   {other}
  0x00000289e748508c: 0f1f 8400 | fc14 000b 

  0x00000289e7485094: ;   {metadata(method data for {method} {0x00000289c1583178} 'getPackageName' '(Ljava/lang/String;)Ljava/lang/String;' in 'org/eclipse/osgi/internal/loader/BundleLoader')}
  0x00000289e7485094: 85c0 49b8 | a01b 91c1 | 8902 0000 | 49c7 c178 | 0100 007f | 0749 c7c1 | 6801 0000 | 4b8b 1408 
  0x00000289e74850b4: 488d 5201 | 4b89 1408 | 0f8f 0f00 

  0x00000289e74850c0: ;   {oop("."{0x00000000c0002858})}
  0x00000289e74850c0: 0000 48be | 5828 00c0 | 0000 0000 | e93e 0000 | 004c 8b84 | 24a8 0000 

  0x00000289e74850d8: ;   {metadata(method data for {method} {0x00000289c1583178} 'getPackageName' '(Ljava/lang/String;)Ljava/lang/String;' in 'org/eclipse/osgi/internal/loader/BundleLoader')}
  0x00000289e74850d8: 0049 b9a0 | 1b91 c189 | 0200 0049 | 8381 8801 | 0000 0141 | b800 0000 | 004c 8bc8 | 488b 9424 
  0x00000289e74850f8: a800 0000 

  0x00000289e74850fc: ;   {optimized virtual_call}
  0x00000289e74850fc: 6666 90e8 

  0x00000289e7485100: ; ImmutableOopMap {[160]=Oop [168]=Oop }
                      ;*invokevirtual substring {reexecute=0 rethrow=0 return_oop=0}
                      ; - org.eclipse.osgi.internal.loader.BundleLoader::getPackageName@18 (line 145)
                      ; - org.eclipse.osgi.internal.loader.BundleLoader::findClass0@83 (line 475)
  0x00000289e7485100: 7c93 8607 

  0x00000289e7485104: ;   {other}
  0x00000289e7485104: 0f1f 8400 | 7415 000c | 488b f044 | 8b8c 24b0 | 0000 0045 

  0x00000289e7485118: ;   {metadata(method data for {method} {0x00000289c1584c68} 'findClass0' '(Ljava/lang/String;ZZ)Ljava/lang/Class;' in 'org/eclipse/osgi/internal/loader/BundleLoader')}
  0x00000289e7485118: 85c9 49b8 | 700e 91c1 | 8902 0000 | 48c7 c280 | 0300 0075 | 0748 c7c2 | 7003 0000 | 498b 3c10 
  0x00000289e7485138: 488d 7f01 | 4989 3c10 | 0f85 1200 | 0000 bf00 | 0000 0048 | 89b4 24d0 | 0000 00e9 | 9202 0000 
  0x00000289e7485158: 488b 9424 | a000 0000 | 448b 4248 

  0x00000289e7485164: ;   {metadata(method data for {method} {0x00000289c1584c68} 'findClass0' '(Ljava/lang/String;ZZ)Ljava/lang/Class;' in 'org/eclipse/osgi/internal/loader/BundleLoader')}
  0x00000289e7485164: 4d85 c049 | b870 0e91 | c189 0200 | 0048 c7c7 | a003 0000 | 7507 48c7 | c790 0300 | 0049 8b1c 
  0x00000289e7485184: 3848 8d5b | 0149 891c | 380f 8512 | 0000 00bf | 0000 0000 | 4889 b424 | d000 0000 | e945 0200 
  0x00000289e74851a4: 008b 7a14 

  0x00000289e74851a8: ; implicit exception: dispatches to 0x00000289e7488230
  0x00000289e74851a8: 483b 074c 

  0x00000289e74851ac: ;   {metadata(method data for {method} {0x00000289c1584c68} 'findClass0' '(Ljava/lang/String;ZZ)Ljava/lang/Class;' in 'org/eclipse/osgi/internal/loader/BundleLoader')}
  0x00000289e74851ac: 8bc7 48bb | 700e 91c1 | 8902 0000 

  0x00000289e74851b8: ;   {metadata('org/eclipse/osgi/internal/framework/EquinoxContainer')}
  0x00000289e74851b8: 49ba c8ec | 0181 8902 | 0000 4c89 | 93c0 0300 | 0048 8383 | c803 0000 | 014c 8bc6 | 488b d748 
  0x00000289e74851d8: 89b4 24d0 

  0x00000289e74851dc: ;   {optimized virtual_call}
  0x00000289e74851dc: 0000 00e8 

  0x00000289e74851e0: ; ImmutableOopMap {[160]=Oop [168]=Oop [208]=Oop }
                      ;*invokevirtual isBootDelegationPackage {reexecute=0 rethrow=0 return_oop=0}
                      ; - org.eclipse.osgi.internal.loader.BundleLoader::findClass0@108 (line 478)
  0x00000289e74851e0: 0138 0000 

  0x00000289e74851e4: ;   {other}
  0x00000289e74851e4: 0f1f 8400 | 5416 000d 

  0x00000289e74851ec: ;   {metadata(method data for {method} {0x00000289c1584c68} 'findClass0' '(Ljava/lang/String;ZZ)Ljava/lang/Class;' in 'org/eclipse/osgi/internal/loader/BundleLoader')}
  0x00000289e74851ec: 85c0 49b8 | 700e 91c1 | 8902 0000 | 49c7 c1f8 | 0300 0075 | 0749 c7c1 | e803 0000 | 4b8b 1408 
  0x00000289e748520c: 488d 5201 | 4b89 1408 | 0f85 0a00 | 0000 bf00 | 0000 00e9 | c601 0000 | 488b 9424 | a000 0000 
  0x00000289e748522c: 8b72 4848 | 3b06 4c8b 

  0x00000289e7485234: ;   {metadata(method data for {method} {0x00000289c1584c68} 'findClass0' '(Ljava/lang/String;ZZ)Ljava/lang/Class;' in 'org/eclipse/osgi/internal/loader/BundleLoader')}
  0x00000289e7485234: c649 b970 | 0e91 c189 | 0200 0045 | 8b40 0849 | ba00 0000 | 8089 0200 | 004d 03c2 | 4d3b 8118 
  0x00000289e7485254: 0400 0075 | 0d49 8381 | 2004 0000 | 01e9 6000 | 0000 4d3b | 8128 0400 | 0075 0d49 | 8381 3004 
  0x00000289e7485274: 0000 01e9 | 4a00 0000 | 4983 b918 | 0400 0000 | 7517 4d89 | 8118 0400 | 0049 c781 | 2004 0000 
  0x00000289e7485294: 0100 0000 | e929 0000 | 0049 83b9 | 2804 0000 | 0075 174d | 8981 2804 | 0000 49c7 | 8130 0400 
  0x00000289e74852b4: 0001 0000 | 00e9 0800 | 0000 4983 | 8108 0400 

  0x00000289e74852c4: ;   {metadata(method data for {method} {0x00000289800140e8} 'loadClass' '(Ljava/lang/String;)Ljava/lang/Class;' in 'java/lang/ClassLoader')}
  0x00000289e74852c4: 0001 49b8 | a0e2 2ac1 | 8902 0000 | 458b 88cc | 0000 0041 | 83c1 0245 | 8988 cc00 | 0000 4181 
  0x00000289e74852e4: e1fe ff1f | 0045 85c9 | 0f84 482f | 0000 4c8b 

  0x00000289e74852f4: ;   {metadata(method data for {method} {0x00000289800140e8} 'loadClass' '(Ljava/lang/String;)Ljava/lang/Class;' in 'java/lang/ClassLoader')}
  0x00000289e74852f4: c649 b9a0 | e22a c189 | 0200 0045 | 8b40 0849 | ba00 0000 | 8089 0200 | 004d 03c2 | 4d3b 8120 
  0x00000289e7485314: 0100 0075 | 0d49 8381 | 2801 0000 | 01e9 6000 | 0000 4d3b | 8130 0100 | 0075 0d49 | 8381 3801 
  0x00000289e7485334: 0000 01e9 | 4a00 0000 | 4983 b920 | 0100 0000 | 7517 4d89 | 8120 0100 | 0049 c781 | 2801 0000 
  0x00000289e7485354: 0100 0000 | e929 0000 | 0049 83b9 | 3001 0000 | 0075 174d | 8981 3001 | 0000 49c7 | 8138 0100 
  0x00000289e7485374: 0001 0000 | 00e9 0800 | 0000 4983 | 8110 0100 | 0001 4c8b | 8424 a800 | 0000 41b9 | 0000 0000 
  0x00000289e7485394: 488b d666 | 0f1f 4400 | 0048 b8ff | ffff ffff 

  0x00000289e74853a4: ;   {virtual_call}
  0x00000289e74853a4: ffff ffe8 

  0x00000289e74853a8: ; ImmutableOopMap {[160]=Oop [168]=Oop [208]=Oop }
                      ;*invokevirtual loadClass {reexecute=0 rethrow=0 return_oop=0}
                      ; - java.lang.ClassLoader::loadClass@3
                      ; - org.eclipse.osgi.internal.loader.BundleLoader::findClass0@119 (line 482)
  0x00000289e74853a8: d496 1207 

  0x00000289e74853ac: ;   {other}
  0x00000289e74853ac: 0f1f 8400 | 1c18 000e | 4881 c460 | 0100 005d 

  0x00000289e74853bc: ;   {poll_return}
  0x00000289e74853bc: 493b a748 | 0400 000f | 8792 2e00 | 00c3 498b | 87f8 0400 | 004d 33d2 | 4d89 97f8 | 0400 004d 
  0x00000289e74853dc: 33d2 4d89 | 9700 0500 | 00bf 0100 | 0000 89bc | 24d8 0000 | 0048 8b94 | 24a0 0000 

  0x00000289e74853f8: ;   {metadata(method data for {method} {0x00000289c1584c68} 'findClass0' '(Ljava/lang/String;ZZ)Ljava/lang/Class;' in 'org/eclipse/osgi/internal/loader/BundleLoader')}
  0x00000289e74853f8: 0049 b870 | 0e91 c189 | 0200 0049 | 8380 4004 | 0000 014c | 8b84 24a8 | 0000 0041 | b901 0000 
  0x00000289e7485418: 0048 8b94 | 24a0 0000 | 0066 0f1f 

  0x00000289e7485424: ;   {optimized virtual_call}
  0x00000289e7485424: 4400 00e8 

  0x00000289e7485428: ; ImmutableOopMap {[160]=Oop [168]=Oop [208]=Oop }
                      ;*invokespecial searchHooks {reexecute=0 rethrow=0 return_oop=0}
                      ; - org.eclipse.osgi.internal.loader.BundleLoader::findClass0@134 (line 490)
  0x00000289e7485428: 9537 0000 

  0x00000289e748542c: ;   {other}
  0x00000289e748542c: 0f1f 8400 | 9c18 000f | 4885 c075 

  0x00000289e7485438: ;   {metadata(method data for {method} {0x00000289c1584c68} 'findClass0' '(Ljava/lang/String;ZZ)Ljava/lang/Class;' in 'org/eclipse/osgi/internal/loader/BundleLoader')}
  0x00000289e7485438: 1648 ba70 | 0e91 c189 | 0200 0080 | 8a49 0400 | 0001 e9cd 

  0x00000289e748544c: ;   {metadata('java/lang/Class')}
  0x00000289e748544c: 0000 0048 | be98 6b00 | 8089 0200 | 0044 8b40 | 0849 ba00 | 0000 8089 | 0200 004d | 03c2 493b 
  0x00000289e748546c: f00f 858d 

  0x00000289e7485470: ;   {metadata(method data for {method} {0x00000289c1584c68} 'findClass0' '(Ljava/lang/String;ZZ)Ljava/lang/Class;' in 'org/eclipse/osgi/internal/loader/BundleLoader')}
  0x00000289e7485470: 0000 0048 | ba70 0e91 | c189 0200 | 008b 7008 | 49ba 0000 | 0080 8902 | 0000 4903 | f248 3bb2 
  0x00000289e7485490: 6004 0000 | 750d 4883 | 8268 0400 | 0001 e979 | 0000 0048 | 3bb2 7004 | 0000 750d | 4883 8278 
  0x00000289e74854b0: 0400 0001 | e963 0000 | 0048 83ba | 6004 0000 | 0075 1748 | 89b2 6004 | 0000 48c7 | 8268 0400 
  0x00000289e74854d0: 0001 0000 | 00e9 4200 | 0000 4883 | ba70 0400 | 0000 7517 | 4889 b270 | 0400 0048 | c782 7804 
  0x00000289e74854f0: 0000 0100 | 0000 e921 | 0000 00e9 | 1c00 0000 

  0x00000289e7485500: ;   {metadata(method data for {method} {0x00000289c1584c68} 'findClass0' '(Ljava/lang/String;ZZ)Ljava/lang/Class;' in 'org/eclipse/osgi/internal/loader/BundleLoader')}
  0x00000289e7485500: 48ba 700e | 91c1 8902 | 0000 4883 | aa50 0400 | 0001 e95a | 2d00 00e9 | 0000 0000 

  0x00000289e748551c: ;   {metadata(method data for {method} {0x00000289c1584c68} 'findClass0' '(Ljava/lang/String;ZZ)Ljava/lang/Class;' in 'org/eclipse/osgi/internal/loader/BundleLoader')}
  0x00000289e748551c: 49b8 700e | 91c1 8902 | 0000 41ff | 8088 0400 | 00e9 2500 | 0000 498b | 87f8 0400 | 004d 33d2 
  0x00000289e748553c: 4d89 97f8 | 0400 004d | 33d2 4d89 | 9700 0500 

  0x00000289e748554c: ;   {oop(nullptr)}
  0x00000289e748554c: 0048 b800 | 0000 0000 | 0000 0048 

  0x00000289e7485558: ;   {metadata(method data for {method} {0x00000289c1584c68} 'findClass0' '(Ljava/lang/String;ZZ)Ljava/lang/Class;' in 'org/eclipse/osgi/internal/loader/BundleLoader')}
  0x00000289e7485558: 85c0 49b8 | 700e 91c1 | 8902 0000 | 48c7 c2b0 | 0400 0075 | 0748 c7c2 | a004 0000 | 498b 3410 
  0x00000289e7485578: 488d 7601 | 4989 3410 | 0f85 1c27 | 0000 4889 | 8424 e000 | 0000 488b | 9424 a000 

  0x00000289e7485594: ;   {metadata(method data for {method} {0x00000289c1584c68} 'findClass0' '(Ljava/lang/String;ZZ)Ljava/lang/Class;' in 'org/eclipse/osgi/internal/loader/BundleLoader')}
  0x00000289e7485594: 0000 49b8 | 700e 91c1 | 8902 0000 | 4983 80c0 | 0400 0001 

  0x00000289e74855a8: ;   {metadata(method data for {method} {0x00000289c15879e0} 'findImportedSource' '(Ljava/lang/String;Ljava/util/Collection;)Lorg/eclipse/osgi/internal/loader/sources/PackageSource;' in 'org/eclipse/osgi/internal/loader/BundleLoader')}
  0x00000289e74855a8: 49b8 d028 | 91c1 8902 | 0000 418b | 90cc 0000 | 0083 c202 | 4189 90cc | 0000 0081 | e2fe ff1f 
  0x00000289e74855c8: 0085 d20f | 84a9 2c00 | 0048 8b94 | 24a0 0000 

  0x00000289e74855d8: ;   {metadata(method data for {method} {0x00000289c15879e0} 'findImportedSource' '(Ljava/lang/String;Ljava/util/Collection;)Lorg/eclipse/osgi/internal/loader/sources/PackageSource;' in 'org/eclipse/osgi/internal/loader/BundleLoader')}
  0x00000289e74855d8: 0049 b8d0 | 2891 c189 | 0200 0049 | 8380 1001 

  0x00000289e74855e8: ;   {oop(nullptr)}
  0x00000289e74855e8: 0000 0149 | b800 0000 | 0000 0000 | 0048 8b94 | 24a0 0000 

  0x00000289e74855fc: ;   {optimized virtual_call}
  0x00000289e74855fc: 0066 90e8 

  0x00000289e7485600: ; ImmutableOopMap {[160]=Oop [168]=Oop [208]=Oop [224]=Oop }
                      ;*invokespecial getImportedSources {reexecute=0 rethrow=0 return_oop=0}
                      ; - org.eclipse.osgi.internal.loader.BundleLoader::findImportedSource@2 (line 1244)
                      ; - org.eclipse.osgi.internal.loader.BundleLoader::findClass0@159 (line 497)
  0x00000289e7485600: ea35 0000 

  0x00000289e7485604: ;   {other}
  0x00000289e7485604: 0f1f 8400 | 741a 0010 | 4c8d 8424 | 4801 0000 | 488b f049 | 8970 0848 | 8b06 4883 | c801 4989 
  0x00000289e7485624: 00f0 4c0f | b106 0f84 | 1200 0000 | 482b c448 | 2507 f0ff | ff49 8900 | 0f85 5e2c | 0000 49ff 
  0x00000289e7485644: 8748 0500 | 0048 8bc6 

  0x00000289e748564c: ;   {metadata(method data for {method} {0x00000289c15879e0} 'findImportedSource' '(Ljava/lang/String;Ljava/util/Collection;)Lorg/eclipse/osgi/internal/loader/sources/PackageSource;' in 'org/eclipse/osgi/internal/loader/BundleLoader')}
  0x00000289e748564c: 49b8 d028 | 91c1 8902 | 0000 8b40 | 0849 ba00 | 0000 8089 | 0200 0049 | 03c2 493b | 8030 0100 
  0x00000289e748566c: 0075 0d49 | 8380 3801 | 0000 01e9 | 6000 0000 | 493b 8040 | 0100 0075 | 0d49 8380 | 4801 0000 
  0x00000289e748568c: 01e9 4a00 | 0000 4983 | b830 0100 | 0000 7517 | 4989 8030 | 0100 0049 | c780 3801 | 0000 0100 
  0x00000289e74856ac: 0000 e929 | 0000 0049 | 83b8 4001 | 0000 0075 | 1749 8980 | 4001 0000 | 49c7 8048 | 0100 0001 
  0x00000289e74856cc: 0000 00e9 | 0800 0000 | 4983 8020 | 0100 0001 | 4c8b 8424 | d000 0000 | 488b d648 | 89b4 24e8 
  0x00000289e74856ec: 0000 0066 | 0f1f 4400 | 0048 b880 | c608 8089 

  0x00000289e74856fc: ;   {virtual_call}
  0x00000289e74856fc: 0200 00e8 

  0x00000289e7485700: ; ImmutableOopMap {[160]=Oop [168]=Oop [208]=Oop [224]=Oop [232]=Oop [336]=Oop }
                      ;*invokeinterface get {reexecute=0 rethrow=0 return_oop=0}
                      ; - org.eclipse.osgi.internal.loader.BundleLoader::findImportedSource@13 (line 1246)
                      ; - org.eclipse.osgi.internal.loader.BundleLoader::findClass0@159 (line 497)
  0x00000289e7485700: dcd0 8c07 

  0x00000289e7485704: ;   {other}
  0x00000289e7485704: 0f1f 8400 | 741b 0011 | 4885 c075 

  0x00000289e7485710: ;   {metadata(method data for {method} {0x00000289c15879e0} 'findImportedSource' '(Ljava/lang/String;Ljava/util/Collection;)Lorg/eclipse/osgi/internal/loader/sources/PackageSource;' in 'org/eclipse/osgi/internal/loader/BundleLoader')}
  0x00000289e7485710: 1648 bad0 | 2891 c189 | 0200 0080 | 8a51 0100 | 0001 e9cd 

  0x00000289e7485724: ;   {metadata('org/eclipse/osgi/internal/loader/sources/PackageSource')}
  0x00000289e7485724: 0000 0048 | bee8 170b | 8189 0200 | 008b 5008 | 49ba 0000 | 0080 8902 | 0000 4903 | d248 3b72 
  0x00000289e7485744: 380f 858d 

  0x00000289e7485748: ;   {metadata(method data for {method} {0x00000289c15879e0} 'findImportedSource' '(Ljava/lang/String;Ljava/util/Collection;)Lorg/eclipse/osgi/internal/loader/sources/PackageSource;' in 'org/eclipse/osgi/internal/loader/BundleLoader')}
  0x00000289e7485748: 0000 0048 | bad0 2891 | c189 0200 | 008b 7008 | 49ba 0000 | 0080 8902 | 0000 4903 | f248 3bb2 
  0x00000289e7485768: 6801 0000 | 750d 4883 | 8270 0100 | 0001 e979 | 0000 0048 | 3bb2 7801 | 0000 750d | 4883 8280 
  0x00000289e7485788: 0100 0001 | e963 0000 | 0048 83ba | 6801 0000 | 0075 1748 | 89b2 6801 | 0000 48c7 | 8270 0100 
  0x00000289e74857a8: 0001 0000 | 00e9 4200 | 0000 4883 | ba78 0100 | 0000 7517 | 4889 b278 | 0100 0048 | c782 8001 
  0x00000289e74857c8: 0000 0100 | 0000 e921 | 0000 00e9 | 1c00 0000 

  0x00000289e74857d8: ;   {metadata(method data for {method} {0x00000289c15879e0} 'findImportedSource' '(Ljava/lang/String;Ljava/util/Collection;)Lorg/eclipse/osgi/internal/loader/sources/PackageSource;' in 'org/eclipse/osgi/internal/loader/BundleLoader')}
  0x00000289e74857d8: 48ba d028 | 91c1 8902 | 0000 4883 | aa58 0100 | 0001 e9c4 | 2a00 00e9 | 0000 0000 | 488b d848 
  0x00000289e74857f8: 899c 24f8 | 0000 0048 | 8d84 2448 | 0100 0048 | 8b10 4885 | d20f 840f | 0000 0048 | 8b70 08f0 
  0x00000289e7485818: 480f b116 | 0f85 9a2a | 0000 49ff | 8f48 0500 | 0048 85db 

  0x00000289e748582c: ;   {metadata(method data for {method} {0x00000289c1584c68} 'findClass0' '(Ljava/lang/String;ZZ)Ljava/lang/Class;' in 'org/eclipse/osgi/internal/loader/BundleLoader')}
  0x00000289e748582c: 48ba 700e | 91c1 8902 | 0000 48c7 | c6d0 0400 | 0074 0748 | c7c6 e004 | 0000 488b | 3c32 488d 
  0x00000289e748584c: 7f01 4889 | 3c32 488b | 9424 a000 | 0000 0f84 | 190f 0000 | 448b 4a18 | 4c89 8c24 | 0001 0000 
  0x00000289e748586c: ; implicit exception: dispatches to 0x00000289e74882d2
  0x00000289e748586c: 410f be71 

  0x00000289e7485870: ;   {metadata(method data for {method} {0x00000289c1584c68} 'findClass0' '(Ljava/lang/String;ZZ)Ljava/lang/Class;' in 'org/eclipse/osgi/internal/loader/BundleLoader')}
  0x00000289e7485870: 0e85 f648 | be70 0e91 | c189 0200 | 0048 c7c7 | f004 0000 | 7407 48c7 | c700 0500 | 0048 8b04 
  0x00000289e7485890: 3e48 8d40 | 0148 8904 | 3e0f 84dd | 0900 0090 

  0x00000289e74858a0: ;   {no_reloc}
  0x00000289e74858a0: e941 2a00 | 0000 0000 | 0000 498b | 87b8 0100 | 0048 8d78 | 1849 3bbf | c801 0000 | 0f87 2e2a 
  0x00000289e74858c0: 0000 4989 | bfb8 0100 | 0048 c700 | 0100 0000 | 488b ca49 | ba00 0000 | 8089 0200 | 0049 2bca 
  0x00000289e74858e0: 8948 0848 | 33c9 8948 | 0c48 33c9 | 4889 4810 

  0x00000289e74858f0: ;   {metadata(method data for {method} {0x00000289c1584c68} 'findClass0' '(Ljava/lang/String;ZZ)Ljava/lang/Class;' in 'org/eclipse/osgi/internal/loader/BundleLoader')}
  0x00000289e74858f0: 4c8b c048 | ba70 0e91 | c189 0200 | 0048 8382 | 1005 0000 

  0x00000289e7485904: ;   {metadata(method data for {method} {0x000002898045dd28} '<init>' '(Ljava/lang/String;)V' in 'java/lang/StringBuilder')}
  0x00000289e7485904: 0149 b8d0 | 842d c189 | 0200 0041 | 8b90 cc00 | 0000 83c2 | 0241 8990 | cc00 0000 | 81e2 feff 
  0x00000289e7485924: 1f00 85d2 | 0f84 cf29 | 0000 4c8b 

  0x00000289e7485930: ;   {metadata(method data for {method} {0x000002898045dd28} '<init>' '(Ljava/lang/String;)V' in 'java/lang/StringBuilder')}
  0x00000289e7485930: c048 bad0 | 842d c189 | 0200 0048 | 8382 1001 

  0x00000289e7485940: ;   {oop("BundleLoader["{0x00000000eacffa00})}
  0x00000289e7485940: 0000 0149 | b800 facf | ea00 0000 | 0048 8bd0 | 4889 8424 | f000 0000 | 0f1f 8000 

  0x00000289e748595c: ;   {optimized virtual_call}
  0x00000289e748595c: 0000 00e8 

  0x00000289e7485960: ; ImmutableOopMap {[160]=Oop [168]=Oop [240]=Oop [248]=Oop [256]=Oop }
                      ;*invokespecial <init> {reexecute=0 rethrow=0 return_oop=0}
                      ; - java.lang.StringBuilder::<init>@2
                      ; - org.eclipse.osgi.internal.loader.BundleLoader::findClass0@193 (line 500)
  0x00000289e7485960: 1c8e 1207 

  0x00000289e7485964: ;   {other}
  0x00000289e7485964: 0f1f 8400 | d41d 0012 | 488b 8424 | f000 0000 

  0x00000289e7485974: ;   {metadata(method data for {method} {0x00000289c1584c68} 'findClass0' '(Ljava/lang/String;ZZ)Ljava/lang/Class;' in 'org/eclipse/osgi/internal/loader/BundleLoader')}
  0x00000289e7485974: 48ba 700e | 91c1 8902 | 0000 4883 | 8220 0500 

  0x00000289e7485984: ;   {metadata(method data for {method} {0x000002898045dac0} 'append' '(Ljava/lang/Object;)Ljava/lang/StringBuilder;' in 'java/lang/StringBuilder')}
  0x00000289e7485984: 0001 48ba | 987c 09c1 | 8902 0000 | 8bb2 cc00 | 0000 83c6 | 0289 b2cc | 0000 0081 | e6fe ff1f 
  0x00000289e74859a4: 0085 f60f | 8471 2900 

  0x00000289e74859ac: ;   {metadata(method data for {method} {0x000002898045dac0} 'append' '(Ljava/lang/Object;)Ljava/lang/StringBuilder;' in 'java/lang/StringBuilder')}
  0x00000289e74859ac: 0048 ba98 | 7c09 c189 | 0200 0048 | 8382 1001 

  0x00000289e74859bc: ;   {metadata(method data for {method} {0x0000028980451248} 'valueOf' '(Ljava/lang/Object;)Ljava/lang/String;' in 'java/lang/String')}
  0x00000289e74859bc: 0000 0148 | ba38 7e09 | c189 0200 | 008b b2cc | 0000 0083 | c602 89b2 | cc00 0000 | 81e6 feff 
  0x00000289e74859dc: 1f00 85f6 | 0f84 5929 

  0x00000289e74859e4: ;   {metadata(method data for {method} {0x0000028980451248} 'valueOf' '(Ljava/lang/Object;)Ljava/lang/String;' in 'java/lang/String')}
  0x00000289e74859e4: 0000 48ba | 387e 09c1 | 8902 0000 | ff82 1001 | 0000 488b | 9424 a000 

  0x00000289e74859fc: ;   {metadata(method data for {method} {0x0000028980451248} 'valueOf' '(Ljava/lang/Object;)Ljava/lang/String;' in 'java/lang/String')}
  0x00000289e74859fc: 0000 48be | 387e 09c1 | 8902 0000 | 8b52 0849 | ba00 0000 | 8089 0200 | 0049 03d2 | 483b 9658 
  0x00000289e7485a1c: 0100 0075 | 0d48 8386 | 6001 0000 | 01e9 6000 | 0000 483b | 9668 0100 | 0075 0d48 | 8386 7001 
  0x00000289e7485a3c: 0000 01e9 | 4a00 0000 | 4883 be58 | 0100 0000 | 7517 4889 | 9658 0100 | 0048 c786 | 6001 0000 
  0x00000289e7485a5c: 0100 0000 | e929 0000 | 0048 83be | 6801 0000 | 0075 1748 | 8996 6801 | 0000 48c7 | 8670 0100 
  0x00000289e7485a7c: 0001 0000 | 00e9 0800 | 0000 4883 | 8648 0100 | 0001 488b | 9424 a000 

  0x00000289e7485a94: ;   {optimized virtual_call}
  0x00000289e7485a94: 0000 90e8 

  0x00000289e7485a98: ; ImmutableOopMap {[160]=Oop [168]=Oop [240]=Oop [248]=Oop [256]=Oop }
                      ;*invokevirtual toString {reexecute=0 rethrow=0 return_oop=0}
                      ; - java.lang.String::valueOf@11
                      ; - java.lang.StringBuilder::append@2
                      ; - org.eclipse.osgi.internal.loader.BundleLoader::findClass0@197 (line 500)
  0x00000289e7485a98: e48c 1207 

  0x00000289e7485a9c: ;   {other}
  0x00000289e7485a9c: 0f1f 8400 | 0c1f 0013 | 4c8b 8424 | f000 0000 

  0x00000289e7485aac: ;   {metadata(method data for {method} {0x000002898045dac0} 'append' '(Ljava/lang/Object;)Ljava/lang/StringBuilder;' in 'java/lang/StringBuilder')}
  0x00000289e7485aac: 48ba 987c | 09c1 8902 | 0000 4883 | 8220 0100 

  0x00000289e7485abc: ;   {metadata(method data for {method} {0x000002898045da68} 'append' '(Ljava/lang/String;)Ljava/lang/StringBuilder;' in 'java/lang/StringBuilder')}
  0x00000289e7485abc: 0001 49b8 | 30bc 00c1 | 8902 0000 | 418b 90cc | 0000 0083 | c202 4189 | 90cc 0000 | 0081 e2fe 
  0x00000289e7485adc: ff1f 0085 | d20f 8479 | 2800 004c | 8b84 24f0 

  0x00000289e7485aec: ;   {metadata(method data for {method} {0x000002898045da68} 'append' '(Ljava/lang/String;)Ljava/lang/StringBuilder;' in 'java/lang/StringBuilder')}
  0x00000289e7485aec: 0000 0048 | ba30 bc00 | c189 0200 | 0048 8382 | 1001 0000 | 014c 8bc0 | 488b 9424 | f000 0000 
  0x00000289e7485b0c: ;   {optimized virtual_call}
  0x00000289e7485b0c: 6666 90e8 

  0x00000289e7485b10: ; ImmutableOopMap {[160]=Oop [168]=Oop [240]=Oop [248]=Oop [256]=Oop }
                      ;*invokespecial append {reexecute=0 rethrow=0 return_oop=0}
                      ; - java.lang.StringBuilder::append@2
                      ; - java.lang.StringBuilder::append@5
                      ; - org.eclipse.osgi.internal.loader.BundleLoader::findClass0@197 (line 500)
  0x00000289e7485b10: 6c8c 1207 

  0x00000289e7485b14: ;   {other}
  0x00000289e7485b14: 0f1f 8400 | 841f 0014 | 488b 8424 | f000 0000 

  0x00000289e7485b24: ;   {metadata(method data for {method} {0x00000289c1584c68} 'findClass0' '(Ljava/lang/String;ZZ)Ljava/lang/Class;' in 'org/eclipse/osgi/internal/loader/BundleLoader')}
  0x00000289e7485b24: 49b8 700e | 91c1 8902 | 0000 4983 | 8058 0500 

  0x00000289e7485b34: ;   {metadata(method data for {method} {0x000002898045da68} 'append' '(Ljava/lang/String;)Ljava/lang/StringBuilder;' in 'java/lang/StringBuilder')}
  0x00000289e7485b34: 0001 49b8 | 30bc 00c1 | 8902 0000 | 418b 90cc | 0000 0083 | c202 4189 | 90cc 0000 | 0081 e2fe 
  0x00000289e7485b54: ff1f 0085 | d20f 8422 | 2800 0048 | 8b84 24f0 

  0x00000289e7485b64: ;   {metadata(method data for {method} {0x000002898045da68} 'append' '(Ljava/lang/String;)Ljava/lang/StringBuilder;' in 'java/lang/StringBuilder')}
  0x00000289e7485b64: 0000 0049 | b830 bc00 | c189 0200 | 0049 8380 | 1001 0000 

  0x00000289e7485b78: ;   {oop("] loading from import package: "{0x00000000eacffbe8})}
  0x00000289e7485b78: 0149 b8e8 | fbcf ea00 | 0000 0048 | 8b94 24f0 | 0000 000f 

  0x00000289e7485b8c: ;   {optimized virtual_call}
  0x00000289e7485b8c: 1f40 00e8 

  0x00000289e7485b90: ; ImmutableOopMap {[160]=Oop [168]=Oop [240]=Oop [248]=Oop [256]=Oop }
                      ;*invokespecial append {reexecute=0 rethrow=0 return_oop=0}
                      ; - java.lang.StringBuilder::append@2
                      ; - org.eclipse.osgi.internal.loader.BundleLoader::findClass0@203 (line 500)
  0x00000289e7485b90: ec8b 1207 

  0x00000289e7485b94: ;   {other}
  0x00000289e7485b94: 0f1f 8400 | 0420 0015 | 488b 8424 | f000 0000 

  0x00000289e7485ba4: ;   {metadata(method data for {method} {0x00000289c1584c68} 'findClass0' '(Ljava/lang/String;ZZ)Ljava/lang/Class;' in 'org/eclipse/osgi/internal/loader/BundleLoader')}
  0x00000289e7485ba4: 48ba 700e | 91c1 8902 | 0000 4883 | 8290 0500 

  0x00000289e7485bb4: ;   {metadata(method data for {method} {0x000002898045dac0} 'append' '(Ljava/lang/Object;)Ljava/lang/StringBuilder;' in 'java/lang/StringBuilder')}
  0x00000289e7485bb4: 0001 48ba | 987c 09c1 | 8902 0000 | 8bb2 cc00 | 0000 83c6 | 0289 b2cc | 0000 0081 | e6fe ff1f 
  0x00000289e7485bd4: 0085 f60f | 84c5 2700 

  0x00000289e7485bdc: ;   {metadata(method data for {method} {0x000002898045dac0} 'append' '(Ljava/lang/Object;)Ljava/lang/StringBuilder;' in 'java/lang/StringBuilder')}
  0x00000289e7485bdc: 0048 ba98 | 7c09 c189 | 0200 0048 | 8382 1001 

  0x00000289e7485bec: ;   {metadata(method data for {method} {0x0000028980451248} 'valueOf' '(Ljava/lang/Object;)Ljava/lang/String;' in 'java/lang/String')}
  0x00000289e7485bec: 0000 0148 | ba38 7e09 | c189 0200 | 008b b2cc | 0000 0083 | c602 89b2 | cc00 0000 | 81e6 feff 
  0x00000289e7485c0c: 1f00 85f6 | 0f84 ad27 | 0000 488b | 9c24 f800 | 0000 4885 

  0x00000289e7485c20: ;   {metadata(method data for {method} {0x0000028980451248} 'valueOf' '(Ljava/lang/Object;)Ljava/lang/String;' in 'java/lang/String')}
  0x00000289e7485c20: db48 ba38 | 7e09 c189 | 0200 0048 | c7c6 1001 | 0000 7507 | 48c7 c620 | 0100 0048 | 8b3c 3248 
  0x00000289e7485c40: 8d7f 0148 | 893c 320f | 851f 0000 

  0x00000289e7485c4c: ;   {metadata(method data for {method} {0x0000028980451248} 'valueOf' '(Ljava/lang/Object;)Ljava/lang/String;' in 'java/lang/String')}
  0x00000289e7485c4c: 0048 ba38 | 7e09 c189 | 0200 00ff | 8230 0100 

  0x00000289e7485c5c: ;   {oop("null"{0x00000000c0000f80})}
  0x00000289e7485c5c: 0048 be80 | 0f00 c000 | 0000 00e9 | ab00 0000 

  0x00000289e7485c6c: ; implicit exception: dispatches to 0x00000289e74883e4
  0x00000289e7485c6c: 483b 0348 

  0x00000289e7485c70: ;   {metadata(method data for {method} {0x0000028980451248} 'valueOf' '(Ljava/lang/Object;)Ljava/lang/String;' in 'java/lang/String')}
  0x00000289e7485c70: 8bd3 48be | 387e 09c1 | 8902 0000 | 8b52 0849 | ba00 0000 | 8089 0200 | 0049 03d2 | 483b 9658 
  0x00000289e7485c90: 0100 0075 | 0d48 8386 | 6001 0000 | 01e9 6000 | 0000 483b | 9668 0100 | 0075 0d48 | 8386 7001 
  0x00000289e7485cb0: 0000 01e9 | 4a00 0000 | 4883 be58 | 0100 0000 | 7517 4889 | 9658 0100 | 0048 c786 | 6001 0000 
  0x00000289e7485cd0: 0100 0000 | e929 0000 | 0048 83be | 6801 0000 | 0075 1748 | 8996 6801 | 0000 48c7 | 8670 0100 
  0x00000289e7485cf0: 0001 0000 | 00e9 0800 | 0000 4883 | 8648 0100 | 0001 488b 

  0x00000289e7485d04: ;   {optimized virtual_call}
  0x00000289e7485d04: d366 90e8 

  0x00000289e7485d08: ; ImmutableOopMap {[160]=Oop [168]=Oop [240]=Oop [248]=Oop [256]=Oop }
                      ;*invokevirtual toString {reexecute=0 rethrow=0 return_oop=0}
                      ; - java.lang.String::valueOf@11
                      ; - java.lang.StringBuilder::append@2
                      ; - org.eclipse.osgi.internal.loader.BundleLoader::findClass0@208 (line 500)
  0x00000289e7485d08: 748a 1207 

  0x00000289e7485d0c: ;   {other}
  0x00000289e7485d0c: 0f1f 8400 | 7c21 0016 | 488b f048 | 8b84 24f0 

  0x00000289e7485d1c: ;   {metadata(method data for {method} {0x000002898045dac0} 'append' '(Ljava/lang/Object;)Ljava/lang/StringBuilder;' in 'java/lang/StringBuilder')}
  0x00000289e7485d1c: 0000 0049 | b898 7c09 | c189 0200 | 0049 8380 | 2001 0000 

  0x00000289e7485d30: ;   {metadata(method data for {method} {0x000002898045da68} 'append' '(Ljava/lang/String;)Ljava/lang/StringBuilder;' in 'java/lang/StringBuilder')}
  0x00000289e7485d30: 0149 b830 | bc00 c189 | 0200 0041 | 8b90 cc00 | 0000 83c2 | 0241 8990 | cc00 0000 | 81e2 feff 
  0x00000289e7485d50: 1f00 85d2 | 0f84 8f26 | 0000 488b | 8424 f000 

  0x00000289e7485d60: ;   {metadata(method data for {method} {0x000002898045da68} 'append' '(Ljava/lang/String;)Ljava/lang/StringBuilder;' in 'java/lang/StringBuilder')}
  0x00000289e7485d60: 0000 49b8 | 30bc 00c1 | 8902 0000 | 4983 8010 | 0100 0001 | 4c8b c648 | 8b94 24f0 

  0x00000289e7485d7c: ;   {optimized virtual_call}
  0x00000289e7485d7c: 0000 00e8 

  0x00000289e7485d80: ; ImmutableOopMap {[160]=Oop [168]=Oop [240]=Oop [248]=Oop [256]=Oop }
                      ;*invokespecial append {reexecute=0 rethrow=0 return_oop=0}
                      ; - java.lang.StringBuilder::append@2
                      ; - java.lang.StringBuilder::append@5
                      ; - org.eclipse.osgi.internal.loader.BundleLoader::findClass0@208 (line 500)
  0x00000289e7485d80: fc89 1207 

  0x00000289e7485d84: ;   {other}
  0x00000289e7485d84: 0f1f 8400 | f421 0017 | 4c8b 8424 | f000 0000 

  0x00000289e7485d94: ;   {metadata(method data for {method} {0x00000289c1584c68} 'findClass0' '(Ljava/lang/String;ZZ)Ljava/lang/Class;' in 'org/eclipse/osgi/internal/loader/BundleLoader')}
  0x00000289e7485d94: 498b c048 | ba70 0e91 | c189 0200 | 0048 8382 | c805 0000 

  0x00000289e7485da8: ;   {metadata(method data for {method} {0x0000028980008910} 'toString' '()Ljava/lang/String;' in 'java/lang/StringBuilder')}
  0x00000289e7485da8: 0148 bab8 | c300 c189 | 0200 008b | b2cc 0000 | 0083 c602 | 89b2 cc00 | 0000 81e6 | feff 1f00 
  0x00000289e7485dc8: 85f6 0f84 | 3a26 0000 

  0x00000289e7485dd0: ;   {metadata('java/lang/String')}
  0x00000289e7485dd0: 48ba 40e7 | 0080 8902 | 0000 498b | 87b8 0100 | 0048 8d78 | 1849 3bbf | c801 0000 | 0f87 3926 
  0x00000289e7485df0: 0000 4989 | bfb8 0100 | 0048 c700 | 0100 0000 | 488b ca49 | ba00 0000 | 8089 0200 | 0049 2bca 
  0x00000289e7485e10: 8948 0848 | 33c9 8948 | 0c48 33c9 | 4889 4810 

  0x00000289e7485e20: ;   {metadata(method data for {method} {0x0000028980008910} 'toString' '()Ljava/lang/String;' in 'java/lang/StringBuilder')}
  0x00000289e7485e20: 488b d048 | beb8 c300 | c189 0200 | 0048 8386 | 1001 0000 

  0x00000289e7485e34: ;   {metadata(method data for {method} {0x0000028980451da0} '<init>' '(Ljava/lang/StringBuilder;)V' in 'java/lang/String')}
  0x00000289e7485e34: 0148 ba00 | c500 c189 | 0200 008b | b2cc 0000 | 0083 c602 | 89b2 cc00 | 0000 81e6 | feff 1f00 
  0x00000289e7485e54: 85f6 0f84 | dc25 0000 

  0x00000289e7485e5c: ;   {metadata(method data for {method} {0x0000028980451da0} '<init>' '(Ljava/lang/StringBuilder;)V' in 'java/lang/String')}
  0x00000289e7485e5c: 488b d048 | be00 c500 | c189 0200 | 0048 8386 | 1001 0000 

  0x00000289e7485e70: ;   {oop(nullptr)}
  0x00000289e7485e70: 0149 b900 | 0000 0000 | 0000 0048 | 8bd0 4889 | 8424 0801 

  0x00000289e7485e84: ;   {optimized virtual_call}
  0x00000289e7485e84: 0000 90e8 

  0x00000289e7485e88: ; ImmutableOopMap {[160]=Oop [168]=Oop [248]=Oop [256]=Oop [264]=Oop }
                      ;*invokespecial <init> {reexecute=0 rethrow=0 return_oop=0}
                      ; - java.lang.String::<init>@3
                      ; - java.lang.StringBuilder::toString@5
                      ; - org.eclipse.osgi.internal.loader.BundleLoader::findClass0@211 (line 500)
  0x00000289e7485e88: f488 1207 

  0x00000289e7485e8c: ;   {other}
  0x00000289e7485e8c: 0f1f 8400 | fc22 0018 | 4c8b 8c24 | 0001 0000 

  0x00000289e7485e9c: ;   {metadata(method data for {method} {0x00000289c1584c68} 'findClass0' '(Ljava/lang/String;ZZ)Ljava/lang/Class;' in 'org/eclipse/osgi/internal/loader/BundleLoader')}
  0x00000289e7485e9c: 49b8 700e | 91c1 8902 

  0x00000289e7485ea4: ;   {metadata('org/eclipse/osgi/internal/debug/Debug')}
  0x00000289e7485ea4: 0000 49ba | d87b 0881 | 8902 0000 | 4d89 9010 | 0600 0049 | 8380 1806 

  0x00000289e7485ebc: ;   {metadata(method data for {method} {0x00000289c14cf270} 'trace' '(Ljava/lang/String;Ljava/lang/String;)V' in 'org/eclipse/osgi/internal/debug/Debug')}
  0x00000289e7485ebc: 0000 0149 | b860 7b77 | c189 0200 | 0045 8b88 | cc00 0000 | 4183 c102 | 4589 88cc | 0000 0041 
  0x00000289e7485edc: 81e1 feff | 1f00 4585 | c90f 846e | 2500 004c | 8b8c 2400 | 0100 0041 | 8b51 2048 

  0x00000289e7485ef8: ;   {metadata(method data for {method} {0x00000289c14cf270} 'trace' '(Ljava/lang/String;Ljava/lang/String;)V' in 'org/eclipse/osgi/internal/debug/Debug')}
  0x00000289e7485ef8: 85d2 49b8 | 607b 77c1 | 8902 0000 | 49c7 c110 | 0100 0074 | 0749 c7c1 | 2001 0000 | 4b8b 3408 
  0x00000289e7485f18: 488d 7601 | 4b89 3408 | 0f84 fc02 | 0000 4885 | d20f 8429 

  0x00000289e7485f2c: ;   {metadata('org/eclipse/osgi/internal/log/ExtendedLogServiceImpl')}
  0x00000289e7485f2c: 0000 0048 | bf80 9f08 | 8189 0200 | 008b 7208 | 49ba 0000 | 0080 8902 | 0000 4903 | f248 3b7e 
  0x00000289e7485f4c: 380f 8527 | 2500 00e9 | 0000 0000 | 4c8b c248 | 3b02 4c8b 

  0x00000289e7485f60: ;   {metadata(method data for {method} {0x00000289c14cf270} 'trace' '(Ljava/lang/String;Ljava/lang/String;)V' in 'org/eclipse/osgi/internal/debug/Debug')}
  0x00000289e7485f60: c249 b960 | 7b77 c189 

  0x00000289e7485f68: ;   {metadata('org/eclipse/osgi/internal/log/ExtendedLogServiceImpl')}
  0x00000289e7485f68: 0200 0049 | ba80 9f08 | 8189 0200 | 004d 8991 | 4001 0000 | 4983 8148 | 0100 0001 

  0x00000289e7485f84: ;   {metadata(method data for {method} {0x00000289c14f62b0} 'getLogger' '(Ljava/lang/String;)Lorg/osgi/service/log/Logger;' in 'org/eclipse/osgi/internal/log/ExtendedLogServiceImpl')}
  0x00000289e7485f84: 49b8 c83d | 76c1 8902 | 0000 458b | 88cc 0000 | 0041 83c1 | 0245 8988 | cc00 0000 | 4181 e1fe 
  0x00000289e7485fa4: ff1f 0045 | 85c9 0f84 | d424 0000 

  0x00000289e7485fb0: ;   {metadata(method data for {method} {0x00000289c14f62b0} 'getLogger' '(Ljava/lang/String;)Lorg/osgi/service/log/Logger;' in 'org/eclipse/osgi/internal/log/ExtendedLogServiceImpl')}
  0x00000289e7485fb0: 4c8b c249 | b9c8 3d76 | c189 0200 

  0x00000289e7485fbc: ;   {metadata('org/eclipse/osgi/internal/log/ExtendedLogServiceImpl')}
  0x00000289e7485fbc: 0049 ba80 | 9f08 8189 | 0200 004d | 8991 2001 | 0000 4983 | 8128 0100 

  0x00000289e7485fd4: ;   {metadata(method data for {method} {0x00000289c14f3b38} 'getLogger' '(Ljava/lang/String;)Lorg/eclipse/equinox/log/Logger;' in 'org/eclipse/osgi/internal/log/ExtendedLogServiceImpl')}
  0x00000289e7485fd4: 0001 49b8 | a07d 77c1 | 8902 0000 | 458b 88cc | 0000 0041 | 83c1 0245 | 8988 cc00 | 0000 4181 
  0x00000289e7485ff4: e1fe ff1f | 0045 85c9 | 0f84 a324 | 0000 4c8b 

  0x00000289e7486004: ;   {metadata(method data for {method} {0x00000289c14f3b38} 'getLogger' '(Ljava/lang/String;)Lorg/eclipse/equinox/log/Logger;' in 'org/eclipse/osgi/internal/log/ExtendedLogServiceImpl')}
  0x00000289e7486004: c249 b9a0 | 7d77 c189 

  0x00000289e748600c: ;   {metadata('org/eclipse/osgi/internal/log/ExtendedLogServiceImpl')}
  0x00000289e748600c: 0200 0049 | ba80 9f08 | 8189 0200 | 004d 8991 | 2001 0000 | 4983 8128 | 0100 0001 

  0x00000289e7486028: ;   {oop("org.eclipse.osgi/debug/loader"{0x00000000ecb94518})}
  0x00000289e7486028: 49b8 1845 | b9ec 0000 

  0x00000289e7486030: ;   {oop(a 'java/lang/Class'{0x00000000ec8271d0} = 'org/osgi/service/log/Logger')}
  0x00000289e7486030: 0000 49b9 | d071 82ec | 0000 0000 

  0x00000289e748603c: ;   {optimized virtual_call}
  0x00000289e748603c: 6666 90e8 

  0x00000289e7486040: ; ImmutableOopMap {[160]=Oop [168]=Oop [248]=Oop [264]=Oop }
                      ;*invokevirtual getLogger {reexecute=0 rethrow=0 return_oop=0}
                      ; - org.eclipse.osgi.internal.log.ExtendedLogServiceImpl::getLogger@4 (line 73)
                      ; - org.eclipse.osgi.internal.log.ExtendedLogServiceImpl::getLogger@2 (line 1)
                      ; - org.eclipse.osgi.internal.debug.Debug::trace@11 (line 230)
                      ; - org.eclipse.osgi.internal.loader.BundleLoader::findClass0@214 (line 500)
  0x00000289e7486040: 3c87 1207 

  0x00000289e7486044: ;   {other}
  0x00000289e7486044: 0f1f 8400 | b424 0019 | 4885 c075 

  0x00000289e7486050: ;   {metadata(method data for {method} {0x00000289c14f3b38} 'getLogger' '(Ljava/lang/String;)Lorg/eclipse/equinox/log/Logger;' in 'org/eclipse/osgi/internal/log/ExtendedLogServiceImpl')}
  0x00000289e7486050: 1648 bea0 | 7d77 c189 | 0200 0080 | 8e41 0100 | 0001 e9e7 

  0x00000289e7486064: ;   {metadata('org/eclipse/equinox/log/Logger')}
  0x00000289e7486064: 0000 0048 | bf48 3b08 | 8189 0200 | 008b 7008 | 49ba 0000 | 0080 8902 | 0000 4903 | f248 3b7e 
  0x00000289e7486084: 200f 841a | 0000 0048 | 3bf7 0f84 | 1100 0000 

  0x00000289e7486094: ;   {runtime_call slow_subtype_check Runtime1 stub}
  0x00000289e7486094: 5657 e865 | b31d 075e | 5e85 f60f | 848d 0000 

  0x00000289e74860a4: ;   {metadata(method data for {method} {0x00000289c14f3b38} 'getLogger' '(Ljava/lang/String;)Lorg/eclipse/equinox/log/Logger;' in 'org/eclipse/osgi/internal/log/ExtendedLogServiceImpl')}
  0x00000289e74860a4: 0048 bea0 | 7d77 c189 | 0200 008b | 7808 49ba | 0000 0080 | 8902 0000 | 4903 fa48 | 3bbe 5801 
  0x00000289e74860c4: 0000 750d | 4883 8660 | 0100 0001 | e979 0000 | 0048 3bbe | 6801 0000 | 750d 4883 | 8670 0100 
  0x00000289e74860e4: 0001 e963 | 0000 0048 | 83be 5801 | 0000 0075 | 1748 89be | 5801 0000 | 48c7 8660 | 0100 0001 
  0x00000289e7486104: 0000 00e9 | 4200 0000 | 4883 be68 | 0100 0000 | 7517 4889 | be68 0100 | 0048 c786 | 7001 0000 
  0x00000289e7486124: 0100 0000 | e921 0000 | 00e9 1c00 

  0x00000289e7486130: ;   {metadata(method data for {method} {0x00000289c14f3b38} 'getLogger' '(Ljava/lang/String;)Lorg/eclipse/equinox/log/Logger;' in 'org/eclipse/osgi/internal/log/ExtendedLogServiceImpl')}
  0x00000289e7486130: 0000 48be | a07d 77c1 | 8902 0000 | 4883 ae48 | 0100 0001 | e97d 2300 | 00e9 0000 | 0000 488b 
  0x00000289e7486150: d048 3b02 

  0x00000289e7486154: ;   {metadata(method data for {method} {0x00000289c14cf270} 'trace' '(Ljava/lang/String;Ljava/lang/String;)V' in 'org/eclipse/osgi/internal/debug/Debug')}
  0x00000289e7486154: 4c8b c248 | be60 7b77 | c189 0200 | 0045 8b40 | 0849 ba00 | 0000 8089 | 0200 004d | 03c2 4c3b 
  0x00000289e7486174: 8678 0100 | 0075 0d48 | 8386 8001 | 0000 01e9 | 6000 0000 | 4c3b 8688 | 0100 0075 | 0d48 8386 
  0x00000289e7486194: 9001 0000 | 01e9 4a00 | 0000 4883 | be78 0100 | 0000 7517 | 4c89 8678 | 0100 0048 | c786 8001 
  0x00000289e74861b4: 0000 0100 | 0000 e929 | 0000 0048 | 83be 8801 | 0000 0075 | 174c 8986 | 8801 0000 | 48c7 8690 
  0x00000289e74861d4: 0100 0001 | 0000 00e9 | 0800 0000 | 4883 8668 | 0100 0001 | 4c8b 8424 | 0801 0000 | 0f1f 4400 
  0x00000289e74861f4: 0048 b8ff | ffff ffff 

  0x00000289e74861fc: ;   {virtual_call}
  0x00000289e74861fc: ffff ffe8 

  0x00000289e7486200: ; ImmutableOopMap {[160]=Oop [168]=Oop [248]=Oop }
                      ;*invokeinterface trace {reexecute=0 rethrow=0 return_oop=0}
                      ; - org.eclipse.osgi.internal.debug.Debug::trace@17 (line 230)
                      ; - org.eclipse.osgi.internal.loader.BundleLoader::findClass0@214 (line 500)
  0x00000289e7486200: 7c88 1207 

  0x00000289e7486204: ;   {other}
  0x00000289e7486204: 0f1f 8400 | 7426 001a 

  0x00000289e748620c: ;   {metadata(method data for {method} {0x00000289c14cf270} 'trace' '(Ljava/lang/String;Ljava/lang/String;)V' in 'org/eclipse/osgi/internal/debug/Debug')}
  0x00000289e748620c: 49b8 607b | 77c1 8902 | 0000 41ff | 80a0 0100 | 00e9 5200 | 0000 488b | 8424 0801 

  0x00000289e7486228: ;   {oop(a 'java/lang/Class'{0x00000000ec8268b8} = 'org/eclipse/osgi/internal/debug/Debug')}
  0x00000289e7486228: 0000 49b8 | b868 82ec | 0000 0000 | 418b 90c8 | 0000 0048 | 3b02 4c8b 

  0x00000289e7486240: ;   {metadata(method data for {method} {0x00000289c14cf270} 'trace' '(Ljava/lang/String;Ljava/lang/String;)V' in 'org/eclipse/osgi/internal/debug/Debug')}
  0x00000289e7486240: c248 be60 | 7b77 c189 

  0x00000289e7486248: ;   {metadata('java/io/PrintStream')}
  0x00000289e7486248: 0200 0049 | ba60 a300 | 8089 0200 | 004c 8996 | c801 0000 | 4883 86d0 | 0100 0001 

  0x00000289e7486264: ;   {optimized virtual_call}
  0x00000289e7486264: 4c8b c0e8 

  0x00000289e7486268: ; ImmutableOopMap {[160]=Oop [168]=Oop [248]=Oop }
                      ;*invokevirtual println {reexecute=0 rethrow=0 return_oop=0}
                      ; - org.eclipse.osgi.internal.debug.Debug::trace@29 (line 232)
                      ; - org.eclipse.osgi.internal.loader.BundleLoader::findClass0@214 (line 500)
  0x00000289e7486268: 1485 1207 

  0x00000289e748626c: ;   {other}
  0x00000289e748626c: 0f1f 8400 | dc26 001b | 488b 9c24 | f800 0000 

  0x00000289e748627c: ; implicit exception: dispatches to 0x00000289e74884d9
  0x00000289e748627c: 483b 034c 

  0x00000289e7486280: ;   {metadata(method data for {method} {0x00000289c1584c68} 'findClass0' '(Ljava/lang/String;ZZ)Ljava/lang/Class;' in 'org/eclipse/osgi/internal/loader/BundleLoader')}
  0x00000289e7486280: 8bc3 48ba | 700e 91c1 | 8902 0000 | 458b 4008 | 49ba 0000 | 0080 8902 | 0000 4d03 | c24c 3b82 
  0x00000289e74862a0: 4806 0000 | 750d 4883 | 8250 0600 | 0001 e960 | 0000 004c | 3b82 5806 | 0000 750d | 4883 8260 
  0x00000289e74862c0: 0600 0001 | e94a 0000 | 0048 83ba | 4806 0000 | 0075 174c | 8982 4806 | 0000 48c7 | 8250 0600 
  0x00000289e74862e0: 0001 0000 | 00e9 2900 | 0000 4883 | ba58 0600 | 0000 7517 | 4c89 8258 | 0600 0048 | c782 6006 
  0x00000289e7486300: 0000 0100 | 0000 e908 | 0000 0048 | 8382 3806 | 0000 014c | 8b84 24a8 | 0000 0048 | 8bd3 0f1f 
  0x00000289e7486320: 8000 0000 | 0048 b8ff | ffff ffff 

  0x00000289e748632c: ;   {virtual_call}
  0x00000289e748632c: ffff ffe8 

  0x00000289e7486330: ; ImmutableOopMap {[160]=Oop [168]=Oop }
                      ;*invokevirtual loadClass {reexecute=0 rethrow=0 return_oop=0}
                      ; - org.eclipse.osgi.internal.loader.BundleLoader::findClass0@220 (line 503)
  0x00000289e7486330: 2c53 1207 

  0x00000289e7486334: ;   {other}
  0x00000289e7486334: 0f1f 8400 | a427 001c 

  0x00000289e748633c: ;   {metadata(method data for {method} {0x00000289c1584c68} 'findClass0' '(Ljava/lang/String;ZZ)Ljava/lang/Class;' in 'org/eclipse/osgi/internal/loader/BundleLoader')}
  0x00000289e748633c: 4885 c048 | ba70 0e91 | c189 0200 | 0048 c7c6 | 7006 0000 | 7507 48c7 | c680 0600 | 0048 8b3c 
  0x00000289e748635c: 3248 8d7f | 0148 893c | 320f 85c9 | 0300 0048 | 8b94 24a0 

  0x00000289e7486370: ;   {metadata(method data for {method} {0x00000289c1584c68} 'findClass0' '(Ljava/lang/String;ZZ)Ljava/lang/Class;' in 'org/eclipse/osgi/internal/loader/BundleLoader')}
  0x00000289e7486370: 0000 0048 | be70 0e91 | c189 0200 | 008b 5208 | 49ba 0000 | 0080 8902 | 0000 4903 | d248 3b96 
  0x00000289e7486390: a006 0000 | 750d 4883 | 86a8 0600 | 0001 e960 | 0000 0048 | 3b96 b006 | 0000 750d | 4883 86b8 
  0x00000289e74863b0: 0600 0001 | e94a 0000 | 0048 83be | a006 0000 | 0075 1748 | 8996 a006 | 0000 48c7 | 86a8 0600 
  0x00000289e74863d0: 0001 0000 | 00e9 2900 | 0000 4883 | beb0 0600 | 0000 7517 | 4889 96b0 | 0600 0048 | c786 b806 
  0x00000289e74863f0: 0000 0100 | 0000 e908 | 0000 0048 | 8386 9006 | 0000 0148 | 8b94 24a0 | 0000 0066 | 9048 b8ff 
  0x00000289e7486410: ffff ffff 

  0x00000289e7486414: ;   {virtual_call}
  0x00000289e7486414: ffff ffe8 

  0x00000289e7486418: ; ImmutableOopMap {[160]=Oop [168]=Oop }
                      ;*invokevirtual getModuleClassLoader {reexecute=0 rethrow=0 return_oop=0}
                      ; - org.eclipse.osgi.internal.loader.BundleLoader::findClass0@231 (line 507)
  0x00000289e7486418: 6486 1207 

  0x00000289e748641c: ;   {other}
  0x00000289e748641c: 0f1f 8400 | 8c28 001d 

  0x00000289e7486424: ; implicit exception: dispatches to 0x00000289e74884de
  0x00000289e7486424: 483b 004c 

  0x00000289e7486428: ;   {metadata(method data for {method} {0x00000289c1584c68} 'findClass0' '(Ljava/lang/String;ZZ)Ljava/lang/Class;' in 'org/eclipse/osgi/internal/loader/BundleLoader')}
  0x00000289e7486428: 8bc0 48ba | 700e 91c1 | 8902 0000 | 458b 4008 | 49ba 0000 | 0080 8902 | 0000 4d03 | c24c 3b82 
  0x00000289e7486448: d806 0000 | 750d 4883 | 82e0 0600 | 0001 e960 | 0000 004c | 3b82 e806 | 0000 750d | 4883 82f0 
  0x00000289e7486468: 0600 0001 | e94a 0000 | 0048 83ba | d806 0000 | 0075 174c | 8982 d806 | 0000 48c7 | 82e0 0600 
  0x00000289e7486488: 0001 0000 | 00e9 2900 | 0000 4883 | bae8 0600 | 0000 7517 | 4c89 82e8 | 0600 0048 | c782 f006 
  0x00000289e74864a8: 0000 0100 | 0000 e908 | 0000 0048 | 8382 c806 

  0x00000289e74864b8: ;   {metadata(method data for {method} {0x00000289c161c600} 'publicFindLoaded' '(Ljava/lang/String;)Ljava/lang/Class;' in 'org/eclipse/osgi/internal/loader/ModuleClassLoader')}
  0x00000289e74864b8: 0000 0149 | b8a0 3291 | c189 0200 | 0041 8b90 | cc00 0000 | 83c2 0241 | 8990 cc00 | 0000 81e2 
  0x00000289e74864d8: feff 1f00 | 85d2 0f84 | ff1f 0000 

  0x00000289e74864e4: ;   {metadata(method data for {method} {0x00000289c161c600} 'publicFindLoaded' '(Ljava/lang/String;)Ljava/lang/Class;' in 'org/eclipse/osgi/internal/loader/ModuleClassLoader')}
  0x00000289e74864e4: 4c8b c048 | baa0 3291 | c189 0200 | 0045 8b40 | 0849 ba00 | 0000 8089 | 0200 004d | 03c2 4c3b 
  0x00000289e7486504: 8220 0100 | 0075 0d48 | 8382 2801 | 0000 01e9 | 6000 0000 | 4c3b 8230 | 0100 0075 | 0d48 8382 
  0x00000289e7486524: 3801 0000 | 01e9 4a00 | 0000 4883 | ba20 0100 | 0000 7517 | 4c89 8220 | 0100 0048 | c782 2801 
  0x00000289e7486544: 0000 0100 | 0000 e929 | 0000 0048 | 83ba 3001 | 0000 0075 | 174c 8982 | 3001 0000 | 48c7 8238 
  0x00000289e7486564: 0100 0001 | 0000 00e9 | 0800 0000 | 4883 8210 | 0100 0001 

  0x00000289e7486578: ;   {metadata(method data for {method} {0x00000289c161d338} 'getClassLoadingLock' '(Ljava/lang/String;)Ljava/lang/Object;' in 'org/eclipse/osgi/internal/loader/ModuleClassLoader')}
  0x00000289e7486578: 49b8 1827 | 91c1 8902 | 0000 418b | 90cc 0000 | 0083 c202 | 4189 90cc | 0000 0081 | e2fe ff1f 
  0x00000289e7486598: 0085 d20f | 8463 1f00 | 008b 5050 

  0x00000289e74865a4: ; implicit exception: dispatches to 0x00000289e7488525
  0x00000289e74865a4: 483b 024c 

  0x00000289e74865a8: ;   {metadata(method data for {method} {0x00000289c161d338} 'getClassLoadingLock' '(Ljava/lang/String;)Ljava/lang/Object;' in 'org/eclipse/osgi/internal/loader/ModuleClassLoader')}
  0x00000289e74865a8: 8bc2 48be | 1827 91c1 | 8902 0000 | 4883 8610 | 0100 0001 | 4c8b 8424 | a800 0000 | 4889 8424 
  0x00000289e74865c8: 1001 0000 

  0x00000289e74865cc: ;   {optimized virtual_call}
  0x00000289e74865cc: 6666 90e8 

  0x00000289e74865d0: ; ImmutableOopMap {[160]=Oop [168]=Oop [272]=Oop }
                      ;*invokevirtual getLock {reexecute=0 rethrow=0 return_oop=0}
                      ; - org.eclipse.osgi.internal.loader.ModuleClassLoader::getClassLoadingLock@5 (line 437)
                      ; - org.eclipse.osgi.internal.loader.ModuleClassLoader::publicFindLoaded@2 (line 323)
                      ; - org.eclipse.osgi.internal.loader.BundleLoader::findClass0@235 (line 507)
  0x00000289e74865d0: ac81 1207 

  0x00000289e74865d4: ;   {other}
  0x00000289e74865d4: 0f1f 8400 | 442a 001e | 4889 8424 | 1801 0000 | 488d 9424 | 4801 0000 | 488b f048 | 8972 0848 
  0x00000289e74865f4: 8b06 4883 | c801 4889 | 02f0 480f | b116 0f84 | 1200 0000 | 482b c448 | 2507 f0ff | ff48 8902 
  0x00000289e7486614: 0f85 151f | 0000 49ff | 8748 0500 | 0048 8b94 | 2410 0100 

  0x00000289e7486628: ;   {metadata(method data for {method} {0x00000289c161c600} 'publicFindLoaded' '(Ljava/lang/String;)Ljava/lang/Class;' in 'org/eclipse/osgi/internal/loader/ModuleClassLoader')}
  0x00000289e7486628: 0048 bea0 | 3291 c189 | 0200 0048 | 8386 4801 

  0x00000289e7486638: ;   {metadata(method data for {method} {0x0000028980431478} 'findLoadedClass' '(Ljava/lang/String;)Ljava/lang/Class;' in 'java/lang/ClassLoader')}
  0x00000289e7486638: 0000 0148 | ba68 cc23 | c189 0200 | 008b b2cc | 0000 0083 | c602 89b2 | cc00 0000 | 81e6 feff 
  0x00000289e7486658: 1f00 85f6 | 0f84 e01e 

  0x00000289e7486660: ;   {metadata(method data for {method} {0x0000028980431478} 'findLoadedClass' '(Ljava/lang/String;)Ljava/lang/Class;' in 'java/lang/ClassLoader')}
  0x00000289e7486660: 0000 48ba | 68cc 23c1 | 8902 0000 | 4883 8210 | 0100 0001 | 488b 9424 | a800 0000 

  0x00000289e748667c: ;   {static_call}
  0x00000289e748667c: 6666 90e8 

  0x00000289e7486680: ; ImmutableOopMap {[160]=Oop [168]=Oop [272]=Oop [280]=Oop [336]=Oop }
                      ;*invokestatic checkName {reexecute=0 rethrow=0 return_oop=0}
                      ; - java.lang.ClassLoader::findLoadedClass@1
                      ; - org.eclipse.osgi.internal.loader.ModuleClassLoader::publicFindLoaded@10 (line 324)
                      ; - org.eclipse.osgi.internal.loader.BundleLoader::findClass0@235 (line 507)
  0x00000289e7486680: fc86 1207 

  0x00000289e7486684: ;   {other}
  0x00000289e7486684: 0f1f 8400 | f42a 001f 

  0x00000289e748668c: ;   {metadata(method data for {method} {0x0000028980431478} 'findLoadedClass' '(Ljava/lang/String;)Ljava/lang/Class;' in 'java/lang/ClassLoader')}
  0x00000289e748668c: 85c0 49b8 | 68cc 23c1 | 8902 0000 | 48c7 c220 | 0100 0075 | 0748 c7c2 | 3001 0000 | 498b 3410 
  0x00000289e74866ac: 488d 7601 | 4989 3410 | 0f85 0f00 

  0x00000289e74866b8: ;   {oop(nullptr)}
  0x00000289e74866b8: 0000 48be | 0000 0000 | 0000 0000 | e93e 0000 | 0048 8b84 | 2410 0100 | 004c 8bc0 

  0x00000289e74866d4: ;   {metadata(method data for {method} {0x0000028980431478} 'findLoadedClass' '(Ljava/lang/String;)Ljava/lang/Class;' in 'java/lang/ClassLoader')}
  0x00000289e74866d4: 48ba 68cc | 23c1 8902 | 0000 4883 | 8240 0100 | 0001 4c8b | 8424 a800 | 0000 488b | d066 0f1f 
  0x00000289e74866f4: ;   {optimized virtual_call}
  0x00000289e74866f4: 4400 00e8 

  0x00000289e74866f8: ; ImmutableOopMap {[160]=Oop [168]=Oop [280]=Oop [336]=Oop }
                      ;*invokevirtual findLoadedClass0 {reexecute=0 rethrow=0 return_oop=0}
                      ; - java.lang.ClassLoader::findLoadedClass@11
                      ; - org.eclipse.osgi.internal.loader.ModuleClassLoader::publicFindLoaded@10 (line 324)
                      ; - org.eclipse.osgi.internal.loader.BundleLoader::findClass0@235 (line 507)
  0x00000289e74866f8: 8480 1207 

  0x00000289e74866fc: ;   {other}
  0x00000289e74866fc: 0f1f 8400 | 6c2b 0020 | 488b f048 | 8d84 2448 | 0100 004c | 8b00 4d85 | c00f 840f | 0000 004c 
  0x00000289e748671c: 8b48 08f0 | 4d0f b101 | 0f85 391e | 0000 49ff | 8f48 0500 | 0048 8bc6 

  0x00000289e7486734: ;   {metadata(method data for {method} {0x00000289c1584c68} 'findClass0' '(Ljava/lang/String;ZZ)Ljava/lang/Class;' in 'org/eclipse/osgi/internal/loader/BundleLoader')}
  0x00000289e7486734: 4885 c049 | b870 0e91 | c189 0200 | 0049 c7c1 | 0007 0000 | 7407 49c7 | c110 0700 | 004b 8b14 
  0x00000289e7486754: 0848 8d52 | 014b 8914 | 080f 84e6 | 1400 0048 | 81c4 6001 

  0x00000289e7486768: ;   {poll_return}
  0x00000289e7486768: 0000 5d49 | 3ba7 4804 | 0000 0f87 | 011e 0000 

  0x00000289e7486778: ;   {metadata(method data for {method} {0x00000289c1584c68} 'findClass0' '(Ljava/lang/String;ZZ)Ljava/lang/Class;' in 'org/eclipse/osgi/internal/loader/BundleLoader')}
  0x00000289e7486778: c349 b870 | 0e91 c189 | 0200 0049 | 8380 3007 | 0000 014c | 8b84 24d0 

  0x00000289e7486790: ;   {oop(nullptr)}
  0x00000289e7486790: 0000 0049 | b900 0000 | 0000 0000 | 0048 8b94 | 24a0 0000 

  0x00000289e74867a4: ;   {optimized virtual_call}
  0x00000289e74867a4: 0066 90e8 

  0x00000289e74867a8: ; ImmutableOopMap {[160]=Oop [168]=Oop [208]=Oop [224]=Oop }
                      ;*invokespecial findRequiredSource {reexecute=0 rethrow=0 return_oop=0}
                      ; - org.eclipse.osgi.internal.loader.BundleLoader::findClass0@259 (line 514)
  0x00000289e74867a8: 8d24 0000 

  0x00000289e74867ac: ;   {other}
  0x00000289e74867ac: 0f1f 8400 | 1c2c 0021 | 4889 8424 | 2801 0000 

  0x00000289e74867bc: ;   {metadata(method data for {method} {0x00000289c1584c68} 'findClass0' '(Ljava/lang/String;ZZ)Ljava/lang/Class;' in 'org/eclipse/osgi/internal/loader/BundleLoader')}
  0x00000289e74867bc: 4885 c048 | ba70 0e91 | c189 0200 | 0048 c7c6 | 5007 0000 | 7507 48c7 | c640 0700 | 0048 8b3c 
  0x00000289e74867dc: 3248 8d7f | 0148 893c | 320f 850d | 0000 0048 | 8bb4 24e0 | 0000 00e9 | ef0a 0000 | 488b 9424 
  0x00000289e74867fc: a000 0000 | 8b5a 1848 | 899c 2430 | 0100 000f | be73 0e85 

  0x00000289e7486810: ;   {metadata(method data for {method} {0x00000289c1584c68} 'findClass0' '(Ljava/lang/String;ZZ)Ljava/lang/Class;' in 'org/eclipse/osgi/internal/loader/BundleLoader')}
  0x00000289e7486810: f648 be70 | 0e91 c189 | 0200 0048 | c7c7 6007 | 0000 7407 | 48c7 c770 | 0700 0048 | 8b0c 3e48 
  0x00000289e7486830: 8d49 0148 | 890c 3e0f | 84e7 0900 | 0066 6690 

  0x00000289e7486840: ;   {no_reloc}
  0x00000289e7486840: e95e 1d00 | 0000 0000 | 0000 498b | 87b8 0100 | 0048 8d78 | 1849 3bbf | c801 0000 | 0f87 4b1d 
  0x00000289e7486860: 0000 4989 | bfb8 0100 | 0048 c700 | 0100 0000 | 488b ca49 | ba00 0000 | 8089 0200 | 0049 2bca 
  0x00000289e7486880: 8948 0848 | 33c9 8948 | 0c48 33c9 | 4889 4810 

  0x00000289e7486890: ;   {metadata(method data for {method} {0x00000289c1584c68} 'findClass0' '(Ljava/lang/String;ZZ)Ljava/lang/Class;' in 'org/eclipse/osgi/internal/loader/BundleLoader')}
  0x00000289e7486890: 4c8b c048 | ba70 0e91 | c189 0200 | 0048 8382 | 8007 0000 

  0x00000289e74868a4: ;   {metadata(method data for {method} {0x000002898045dd28} '<init>' '(Ljava/lang/String;)V' in 'java/lang/StringBuilder')}
  0x00000289e74868a4: 0149 b8d0 | 842d c189 | 0200 0041 | 8b90 cc00 | 0000 83c2 | 0241 8990 | cc00 0000 | 81e2 feff 
  0x00000289e74868c4: 1f00 85d2 | 0f84 ec1c | 0000 4c8b 

  0x00000289e74868d0: ;   {metadata(method data for {method} {0x000002898045dd28} '<init>' '(Ljava/lang/String;)V' in 'java/lang/StringBuilder')}
  0x00000289e74868d0: c048 bad0 | 842d c189 | 0200 0048 | 8382 1001 

  0x00000289e74868e0: ;   {oop("BundleLoader["{0x00000000eacffa00})}
  0x00000289e74868e0: 0000 0149 | b800 facf | ea00 0000 | 0048 8bd0 | 4889 8424 | 2001 0000 | 0f1f 8000 

  0x00000289e74868fc: ;   {optimized virtual_call}
  0x00000289e74868fc: 0000 00e8 

  0x00000289e7486900: ; ImmutableOopMap {[160]=Oop [168]=Oop [208]=Oop [288]=Oop [296]=Oop [304]=Oop }
                      ;*invokespecial <init> {reexecute=0 rethrow=0 return_oop=0}
                      ; - java.lang.StringBuilder::<init>@2
                      ; - org.eclipse.osgi.internal.loader.BundleLoader::findClass0@293 (line 518)
  0x00000289e7486900: 7c7e 1207 

  0x00000289e7486904: ;   {other}
  0x00000289e7486904: 0f1f 8400 | 742d 0022 | 488b 8424 | 2001 0000 

  0x00000289e7486914: ;   {metadata(method data for {method} {0x00000289c1584c68} 'findClass0' '(Ljava/lang/String;ZZ)Ljava/lang/Class;' in 'org/eclipse/osgi/internal/loader/BundleLoader')}
  0x00000289e7486914: 48ba 700e | 91c1 8902 | 0000 4883 | 8290 0700 

  0x00000289e7486924: ;   {metadata(method data for {method} {0x000002898045dac0} 'append' '(Ljava/lang/Object;)Ljava/lang/StringBuilder;' in 'java/lang/StringBuilder')}
  0x00000289e7486924: 0001 48ba | 987c 09c1 | 8902 0000 | 8bb2 cc00 | 0000 83c6 | 0289 b2cc | 0000 0081 | e6fe ff1f 
  0x00000289e7486944: 0085 f60f | 848e 1c00 

  0x00000289e748694c: ;   {metadata(method data for {method} {0x000002898045dac0} 'append' '(Ljava/lang/Object;)Ljava/lang/StringBuilder;' in 'java/lang/StringBuilder')}
  0x00000289e748694c: 0048 ba98 | 7c09 c189 | 0200 0048 | 8382 1001 

  0x00000289e748695c: ;   {metadata(method data for {method} {0x0000028980451248} 'valueOf' '(Ljava/lang/Object;)Ljava/lang/String;' in 'java/lang/String')}
  0x00000289e748695c: 0000 0148 | ba38 7e09 | c189 0200 | 008b b2cc | 0000 0083 | c602 89b2 | cc00 0000 | 81e6 feff 
  0x00000289e748697c: 1f00 85f6 | 0f84 761c 

  0x00000289e7486984: ;   {metadata(method data for {method} {0x0000028980451248} 'valueOf' '(Ljava/lang/Object;)Ljava/lang/String;' in 'java/lang/String')}
  0x00000289e7486984: 0000 48ba | 387e 09c1 | 8902 0000 | ff82 1001 | 0000 488b | 9424 a000 

  0x00000289e748699c: ;   {metadata(method data for {method} {0x0000028980451248} 'valueOf' '(Ljava/lang/Object;)Ljava/lang/String;' in 'java/lang/String')}
  0x00000289e748699c: 0000 48be | 387e 09c1 | 8902 0000 | 8b52 0849 | ba00 0000 | 8089 0200 | 0049 03d2 | 483b 9658 
  0x00000289e74869bc: 0100 0075 | 0d48 8386 | 6001 0000 | 01e9 6000 | 0000 483b | 9668 0100 | 0075 0d48 | 8386 7001 
  0x00000289e74869dc: 0000 01e9 | 4a00 0000 | 4883 be58 | 0100 0000 | 7517 4889 | 9658 0100 | 0048 c786 | 6001 0000 
  0x00000289e74869fc: 0100 0000 | e929 0000 | 0048 83be | 6801 0000 | 0075 1748 | 8996 6801 | 0000 48c7 | 8670 0100 
  0x00000289e7486a1c: 0001 0000 | 00e9 0800 | 0000 4883 | 8648 0100 | 0001 488b | 9424 a000 

  0x00000289e7486a34: ;   {optimized virtual_call}
  0x00000289e7486a34: 0000 90e8 

  0x00000289e7486a38: ; ImmutableOopMap {[160]=Oop [168]=Oop [208]=Oop [288]=Oop [296]=Oop [304]=Oop }
                      ;*invokevirtual toString {reexecute=0 rethrow=0 return_oop=0}
                      ; - java.lang.String::valueOf@11
                      ; - java.lang.StringBuilder::append@2
                      ; - org.eclipse.osgi.internal.loader.BundleLoader::findClass0@297 (line 518)
  0x00000289e7486a38: 447d 1207 

  0x00000289e7486a3c: ;   {other}
  0x00000289e7486a3c: 0f1f 8400 | ac2e 0023 | 4c8b 8424 | 2001 0000 

  0x00000289e7486a4c: ;   {metadata(method data for {method} {0x000002898045dac0} 'append' '(Ljava/lang/Object;)Ljava/lang/StringBuilder;' in 'java/lang/StringBuilder')}
  0x00000289e7486a4c: 48ba 987c | 09c1 8902 | 0000 4883 | 8220 0100 

  0x00000289e7486a5c: ;   {metadata(method data for {method} {0x000002898045da68} 'append' '(Ljava/lang/String;)Ljava/lang/StringBuilder;' in 'java/lang/StringBuilder')}
  0x00000289e7486a5c: 0001 49b8 | 30bc 00c1 | 8902 0000 | 418b 90cc | 0000 0083 | c202 4189 | 90cc 0000 | 0081 e2fe 
  0x00000289e7486a7c: ff1f 0085 | d20f 8496 | 1b00 004c | 8b84 2420 

  0x00000289e7486a8c: ;   {metadata(method data for {method} {0x000002898045da68} 'append' '(Ljava/lang/String;)Ljava/lang/StringBuilder;' in 'java/lang/StringBuilder')}
  0x00000289e7486a8c: 0100 0048 | ba30 bc00 | c189 0200 | 0048 8382 | 1001 0000 | 014c 8bc0 | 488b 9424 | 2001 0000 
  0x00000289e7486aac: ;   {optimized virtual_call}
  0x00000289e7486aac: 6666 90e8 

  0x00000289e7486ab0: ; ImmutableOopMap {[160]=Oop [168]=Oop [208]=Oop [288]=Oop [296]=Oop [304]=Oop }
                      ;*invokespecial append {reexecute=0 rethrow=0 return_oop=0}
                      ; - java.lang.StringBuilder::append@2
                      ; - java.lang.StringBuilder::append@5
                      ; - org.eclipse.osgi.internal.loader.BundleLoader::findClass0@297 (line 518)
  0x00000289e7486ab0: cc7c 1207 

  0x00000289e7486ab4: ;   {other}
  0x00000289e7486ab4: 0f1f 8400 | 242f 0024 | 4c8b 8424 | 2001 0000 

  0x00000289e7486ac4: ;   {metadata(method data for {method} {0x00000289c1584c68} 'findClass0' '(Ljava/lang/String;ZZ)Ljava/lang/Class;' in 'org/eclipse/osgi/internal/loader/BundleLoader')}
  0x00000289e7486ac4: 48ba 700e | 91c1 8902 | 0000 4883 | 82c8 0700 

  0x00000289e7486ad4: ;   {metadata(method data for {method} {0x000002898045da68} 'append' '(Ljava/lang/String;)Ljava/lang/StringBuilder;' in 'java/lang/StringBuilder')}
  0x00000289e7486ad4: 0001 49b8 | 30bc 00c1 | 8902 0000 | 418b 90cc | 0000 0083 | c202 4189 | 90cc 0000 | 0081 e2fe 
  0x00000289e7486af4: ff1f 0085 | d20f 843f | 1b00 004c | 8b84 2420 

  0x00000289e7486b04: ;   {metadata(method data for {method} {0x000002898045da68} 'append' '(Ljava/lang/String;)Ljava/lang/StringBuilder;' in 'java/lang/StringBuilder')}
  0x00000289e7486b04: 0100 0048 | ba30 bc00 | c189 0200 | 0048 8382 | 1001 0000 

  0x00000289e7486b18: ;   {oop("] loading from required bundle package: "{0x00000000eacffc30})}
  0x00000289e7486b18: 0149 b830 | fccf ea00 | 0000 0048 | 8b94 2420 | 0100 000f 

  0x00000289e7486b2c: ;   {optimized virtual_call}
  0x00000289e7486b2c: 1f40 00e8 

  0x00000289e7486b30: ; ImmutableOopMap {[160]=Oop [168]=Oop [208]=Oop [288]=Oop [296]=Oop [304]=Oop }
                      ;*invokespecial append {reexecute=0 rethrow=0 return_oop=0}
                      ; - java.lang.StringBuilder::append@2
                      ; - org.eclipse.osgi.internal.loader.BundleLoader::findClass0@303 (line 518)
  0x00000289e7486b30: 4c7c 1207 

  0x00000289e7486b34: ;   {other}
  0x00000289e7486b34: 0f1f 8400 | a42f 0025 | 488b 8424 | 2001 0000 

  0x00000289e7486b44: ;   {metadata(method data for {method} {0x00000289c1584c68} 'findClass0' '(Ljava/lang/String;ZZ)Ljava/lang/Class;' in 'org/eclipse/osgi/internal/loader/BundleLoader')}
  0x00000289e7486b44: 48ba 700e | 91c1 8902 | 0000 4883 | 8200 0800 

  0x00000289e7486b54: ;   {metadata(method data for {method} {0x000002898045dac0} 'append' '(Ljava/lang/Object;)Ljava/lang/StringBuilder;' in 'java/lang/StringBuilder')}
  0x00000289e7486b54: 0001 48ba | 987c 09c1 | 8902 0000 | 8bb2 cc00 | 0000 83c6 | 0289 b2cc | 0000 0081 | e6fe ff1f 
  0x00000289e7486b74: 0085 f60f | 84e2 1a00 

  0x00000289e7486b7c: ;   {metadata(method data for {method} {0x000002898045dac0} 'append' '(Ljava/lang/Object;)Ljava/lang/StringBuilder;' in 'java/lang/StringBuilder')}
  0x00000289e7486b7c: 0048 ba98 | 7c09 c189 | 0200 0048 | 8382 1001 

  0x00000289e7486b8c: ;   {metadata(method data for {method} {0x0000028980451248} 'valueOf' '(Ljava/lang/Object;)Ljava/lang/String;' in 'java/lang/String')}
  0x00000289e7486b8c: 0000 0148 | ba38 7e09 | c189 0200 | 008b b2cc | 0000 0083 | c602 89b2 | cc00 0000 | 81e6 feff 
  0x00000289e7486bac: 1f00 85f6 | 0f84 ca1a | 0000 488b | 8424 2801 | 0000 4885 

  0x00000289e7486bc0: ;   {metadata(method data for {method} {0x0000028980451248} 'valueOf' '(Ljava/lang/Object;)Ljava/lang/String;' in 'java/lang/String')}
  0x00000289e7486bc0: c048 ba38 | 7e09 c189 | 0200 0048 | c7c6 1001 | 0000 7507 | 48c7 c620 | 0100 0048 | 8b3c 3248 
  0x00000289e7486be0: 8d7f 0148 | 893c 320f | 851f 0000 

  0x00000289e7486bec: ;   {metadata(method data for {method} {0x0000028980451248} 'valueOf' '(Ljava/lang/Object;)Ljava/lang/String;' in 'java/lang/String')}
  0x00000289e7486bec: 0048 ba38 | 7e09 c189 | 0200 00ff | 8230 0100 

  0x00000289e7486bfc: ;   {oop("null"{0x00000000c0000f80})}
  0x00000289e7486bfc: 0048 be80 | 0f00 c000 | 0000 00e9 | ab00 0000 

  0x00000289e7486c0c: ; implicit exception: dispatches to 0x00000289e74886a1
  0x00000289e7486c0c: 483b 0048 

  0x00000289e7486c10: ;   {metadata(method data for {method} {0x0000028980451248} 'valueOf' '(Ljava/lang/Object;)Ljava/lang/String;' in 'java/lang/String')}
  0x00000289e7486c10: 8bd0 48be | 387e 09c1 | 8902 0000 | 8b52 0849 | ba00 0000 | 8089 0200 | 0049 03d2 | 483b 9658 
  0x00000289e7486c30: 0100 0075 | 0d48 8386 | 6001 0000 | 01e9 6000 | 0000 483b | 9668 0100 | 0075 0d48 | 8386 7001 
  0x00000289e7486c50: 0000 01e9 | 4a00 0000 | 4883 be58 | 0100 0000 | 7517 4889 | 9658 0100 | 0048 c786 | 6001 0000 
  0x00000289e7486c70: 0100 0000 | e929 0000 | 0048 83be | 6801 0000 | 0075 1748 | 8996 6801 | 0000 48c7 | 8670 0100 
  0x00000289e7486c90: 0001 0000 | 00e9 0800 | 0000 4883 | 8648 0100 | 0001 488b 

  0x00000289e7486ca4: ;   {optimized virtual_call}
  0x00000289e7486ca4: d066 90e8 

  0x00000289e7486ca8: ; ImmutableOopMap {[160]=Oop [168]=Oop [208]=Oop [288]=Oop [296]=Oop [304]=Oop }
                      ;*invokevirtual toString {reexecute=0 rethrow=0 return_oop=0}
                      ; - java.lang.String::valueOf@11
                      ; - java.lang.StringBuilder::append@2
                      ; - org.eclipse.osgi.internal.loader.BundleLoader::findClass0@308 (line 518)
  0x00000289e7486ca8: d47a 1207 

  0x00000289e7486cac: ;   {other}
  0x00000289e7486cac: 0f1f 8400 | 1c31 0026 | 488b f048 | 8b84 2420 

  0x00000289e7486cbc: ;   {metadata(method data for {method} {0x000002898045dac0} 'append' '(Ljava/lang/Object;)Ljava/lang/StringBuilder;' in 'java/lang/StringBuilder')}
  0x00000289e7486cbc: 0100 0049 | b898 7c09 | c189 0200 | 0049 8380 | 2001 0000 

  0x00000289e7486cd0: ;   {metadata(method data for {method} {0x000002898045da68} 'append' '(Ljava/lang/String;)Ljava/lang/StringBuilder;' in 'java/lang/StringBuilder')}
  0x00000289e7486cd0: 0149 b830 | bc00 c189 | 0200 0041 | 8b90 cc00 | 0000 83c2 | 0241 8990 | cc00 0000 | 81e2 feff 
  0x00000289e7486cf0: 1f00 85d2 | 0f84 ac19 | 0000 488b | 8424 2001 

  0x00000289e7486d00: ;   {metadata(method data for {method} {0x000002898045da68} 'append' '(Ljava/lang/String;)Ljava/lang/StringBuilder;' in 'java/lang/StringBuilder')}
  0x00000289e7486d00: 0000 49b8 | 30bc 00c1 | 8902 0000 | 4983 8010 | 0100 0001 | 4c8b c648 | 8b94 2420 

  0x00000289e7486d1c: ;   {optimized virtual_call}
  0x00000289e7486d1c: 0100 00e8 

  0x00000289e7486d20: ; ImmutableOopMap {[160]=Oop [168]=Oop [208]=Oop [288]=Oop [296]=Oop [304]=Oop }
                      ;*invokespecial append {reexecute=0 rethrow=0 return_oop=0}
                      ; - java.lang.StringBuilder::append@2
                      ; - java.lang.StringBuilder::append@5
                      ; - org.eclipse.osgi.internal.loader.BundleLoader::findClass0@308 (line 518)
  0x00000289e7486d20: 5c7a 1207 

  0x00000289e7486d24: ;   {other}
  0x00000289e7486d24: 0f1f 8400 | 9431 0027 | 4c8b 8424 | 2001 0000 

  0x00000289e7486d34: ;   {metadata(method data for {method} {0x00000289c1584c68} 'findClass0' '(Ljava/lang/String;ZZ)Ljava/lang/Class;' in 'org/eclipse/osgi/internal/loader/BundleLoader')}
  0x00000289e7486d34: 498b c048 | ba70 0e91 | c189 0200 | 0048 8382 | 3808 0000 

  0x00000289e7486d48: ;   {metadata(method data for {method} {0x0000028980008910} 'toString' '()Ljava/lang/String;' in 'java/lang/StringBuilder')}
  0x00000289e7486d48: 0148 bab8 | c300 c189 | 0200 008b | b2cc 0000 | 0083 c602 | 89b2 cc00 | 0000 81e6 | feff 1f00 
  0x00000289e7486d68: 85f6 0f84 | 5719 0000 

  0x00000289e7486d70: ;   {metadata('java/lang/String')}
  0x00000289e7486d70: 48ba 40e7 | 0080 8902 | 0000 498b | 87b8 0100 | 0048 8d78 | 1849 3bbf | c801 0000 | 0f87 5619 
  0x00000289e7486d90: 0000 4989 | bfb8 0100 | 0048 c700 | 0100 0000 | 488b ca49 | ba00 0000 | 8089 0200 | 0049 2bca 
  0x00000289e7486db0: 8948 0848 | 33c9 8948 | 0c48 33c9 | 4889 4810 

  0x00000289e7486dc0: ;   {metadata(method data for {method} {0x0000028980008910} 'toString' '()Ljava/lang/String;' in 'java/lang/StringBuilder')}
  0x00000289e7486dc0: 4c8b c848 | bab8 c300 | c189 0200 | 0048 8382 | 1001 0000 

  0x00000289e7486dd4: ;   {metadata(method data for {method} {0x0000028980451da0} '<init>' '(Ljava/lang/StringBuilder;)V' in 'java/lang/String')}
  0x00000289e7486dd4: 0149 b900 | c500 c189 | 0200 0041 | 8b91 cc00 | 0000 83c2 | 0241 8991 | cc00 0000 | 81e2 feff 
  0x00000289e7486df4: 1f00 85d2 | 0f84 f718 | 0000 4c8b 

  0x00000289e7486e00: ;   {metadata(method data for {method} {0x0000028980451da0} '<init>' '(Ljava/lang/StringBuilder;)V' in 'java/lang/String')}
  0x00000289e7486e00: c848 ba00 | c500 c189 | 0200 0048 | 8382 1001 

  0x00000289e7486e10: ;   {oop(nullptr)}
  0x00000289e7486e10: 0000 0149 | b900 0000 | 0000 0000 | 0048 8bd0 | 4889 8424 | 3801 0000 | 0f1f 8000 

  0x00000289e7486e2c: ;   {optimized virtual_call}
  0x00000289e7486e2c: 0000 00e8 

  0x00000289e7486e30: ; ImmutableOopMap {[160]=Oop [168]=Oop [208]=Oop [296]=Oop [304]=Oop [312]=Oop }
                      ;*invokespecial <init> {reexecute=0 rethrow=0 return_oop=0}
                      ; - java.lang.String::<init>@3
                      ; - java.lang.StringBuilder::toString@5
                      ; - org.eclipse.osgi.internal.loader.BundleLoader::findClass0@311 (line 518)
  0x00000289e7486e30: 4c79 1207 

  0x00000289e7486e34: ;   {other}
  0x00000289e7486e34: 0f1f 8400 | a432 0028 | 488b 9c24 | 3001 0000 

  0x00000289e7486e44: ;   {metadata(method data for {method} {0x00000289c1584c68} 'findClass0' '(Ljava/lang/String;ZZ)Ljava/lang/Class;' in 'org/eclipse/osgi/internal/loader/BundleLoader')}
  0x00000289e7486e44: 49b8 700e | 91c1 8902 

  0x00000289e7486e4c: ;   {metadata('org/eclipse/osgi/internal/debug/Debug')}
  0x00000289e7486e4c: 0000 49ba | d87b 0881 | 8902 0000 | 4d89 9080 | 0800 0049 | 8380 8808 

  0x00000289e7486e64: ;   {metadata(method data for {method} {0x00000289c14cf270} 'trace' '(Ljava/lang/String;Ljava/lang/String;)V' in 'org/eclipse/osgi/internal/debug/Debug')}
  0x00000289e7486e64: 0000 0149 | b860 7b77 | c189 0200 | 0045 8b88 | cc00 0000 | 4183 c102 | 4589 88cc | 0000 0041 
  0x00000289e7486e84: 81e1 feff | 1f00 4585 | c90f 8483 | 1800 0048 | 8b9c 2430 | 0100 008b | 5320 4885 

  0x00000289e7486ea0: ;   {metadata(method data for {method} {0x00000289c14cf270} 'trace' '(Ljava/lang/String;Ljava/lang/String;)V' in 'org/eclipse/osgi/internal/debug/Debug')}
  0x00000289e7486ea0: d249 b860 | 7b77 c189 | 0200 0049 | c7c1 1001 | 0000 7407 | 49c7 c120 | 0100 004b | 8b34 0848 
  0x00000289e7486ec0: 8d76 014b | 8934 080f | 84fd 0200 | 0048 85d2 | 0f84 2900 

  0x00000289e7486ed4: ;   {metadata('org/eclipse/osgi/internal/log/ExtendedLogServiceImpl')}
  0x00000289e7486ed4: 0000 48bf | 809f 0881 | 8902 0000 | 8b72 0849 | ba00 0000 | 8089 0200 | 0049 03f2 | 483b 7e38 
  0x00000289e7486ef4: 0f85 3d18 | 0000 e900 | 0000 004c | 8bc2 483b | 024c 8bc2 

  0x00000289e7486f08: ;   {metadata(method data for {method} {0x00000289c14cf270} 'trace' '(Ljava/lang/String;Ljava/lang/String;)V' in 'org/eclipse/osgi/internal/debug/Debug')}
  0x00000289e7486f08: 49b9 607b | 77c1 8902 

  0x00000289e7486f10: ;   {metadata('org/eclipse/osgi/internal/log/ExtendedLogServiceImpl')}
  0x00000289e7486f10: 0000 49ba | 809f 0881 | 8902 0000 | 4d89 9140 | 0100 0049 | 8381 4801 

  0x00000289e7486f28: ;   {metadata(method data for {method} {0x00000289c14f62b0} 'getLogger' '(Ljava/lang/String;)Lorg/osgi/service/log/Logger;' in 'org/eclipse/osgi/internal/log/ExtendedLogServiceImpl')}
  0x00000289e7486f28: 0000 0149 | b8c8 3d76 | c189 0200 | 0045 8b88 | cc00 0000 | 4183 c102 | 4589 88cc | 0000 0041 
  0x00000289e7486f48: 81e1 feff | 1f00 4585 | c90f 84ea | 1700 004c 

  0x00000289e7486f58: ;   {metadata(method data for {method} {0x00000289c14f62b0} 'getLogger' '(Ljava/lang/String;)Lorg/osgi/service/log/Logger;' in 'org/eclipse/osgi/internal/log/ExtendedLogServiceImpl')}
  0x00000289e7486f58: 8bc2 49b9 | c83d 76c1 | 8902 0000 

  0x00000289e7486f64: ;   {metadata('org/eclipse/osgi/internal/log/ExtendedLogServiceImpl')}
  0x00000289e7486f64: 49ba 809f | 0881 8902 | 0000 4d89 | 9120 0100 | 0049 8381 | 2801 0000 

  0x00000289e7486f7c: ;   {metadata(method data for {method} {0x00000289c14f3b38} 'getLogger' '(Ljava/lang/String;)Lorg/eclipse/equinox/log/Logger;' in 'org/eclipse/osgi/internal/log/ExtendedLogServiceImpl')}
  0x00000289e7486f7c: 0149 b8a0 | 7d77 c189 | 0200 0045 | 8b88 cc00 | 0000 4183 | c102 4589 | 88cc 0000 | 0041 81e1 
  0x00000289e7486f9c: feff 1f00 | 4585 c90f | 84b9 1700 | 004c 8bc2 

  0x00000289e7486fac: ;   {metadata(method data for {method} {0x00000289c14f3b38} 'getLogger' '(Ljava/lang/String;)Lorg/eclipse/equinox/log/Logger;' in 'org/eclipse/osgi/internal/log/ExtendedLogServiceImpl')}
  0x00000289e7486fac: 49b9 a07d | 77c1 8902 

  0x00000289e7486fb4: ;   {metadata('org/eclipse/osgi/internal/log/ExtendedLogServiceImpl')}
  0x00000289e7486fb4: 0000 49ba | 809f 0881 | 8902 0000 | 4d89 9120 | 0100 0049 | 8381 2801 

  0x00000289e7486fcc: ;   {oop("org.eclipse.osgi/debug/loader"{0x00000000ecb94518})}
  0x00000289e7486fcc: 0000 0149 | b818 45b9 | ec00 0000 

  0x00000289e7486fd8: ;   {oop(a 'java/lang/Class'{0x00000000ec8271d0} = 'org/osgi/service/log/Logger')}
  0x00000289e7486fd8: 0049 b9d0 | 7182 ec00 | 0000 000f 

  0x00000289e7486fe4: ;   {optimized virtual_call}
  0x00000289e7486fe4: 1f40 00e8 

  0x00000289e7486fe8: ; ImmutableOopMap {[160]=Oop [168]=Oop [208]=Oop [296]=Oop [312]=Oop }
                      ;*invokevirtual getLogger {reexecute=0 rethrow=0 return_oop=0}
                      ; - org.eclipse.osgi.internal.log.ExtendedLogServiceImpl::getLogger@4 (line 73)
                      ; - org.eclipse.osgi.internal.log.ExtendedLogServiceImpl::getLogger@2 (line 1)
                      ; - org.eclipse.osgi.internal.debug.Debug::trace@11 (line 230)
                      ; - org.eclipse.osgi.internal.loader.BundleLoader::findClass0@314 (line 517)
  0x00000289e7486fe8: 9477 1207 

  0x00000289e7486fec: ;   {other}
  0x00000289e7486fec: 0f1f 8400 | 5c34 0029 | 4885 c075 

  0x00000289e7486ff8: ;   {metadata(method data for {method} {0x00000289c14f3b38} 'getLogger' '(Ljava/lang/String;)Lorg/eclipse/equinox/log/Logger;' in 'org/eclipse/osgi/internal/log/ExtendedLogServiceImpl')}
  0x00000289e7486ff8: 1648 bea0 | 7d77 c189 | 0200 0080 | 8e41 0100 | 0001 e9e7 

  0x00000289e748700c: ;   {metadata('org/eclipse/equinox/log/Logger')}
  0x00000289e748700c: 0000 0048 | bf48 3b08 | 8189 0200 | 008b 7008 | 49ba 0000 | 0080 8902 | 0000 4903 | f248 3b7e 
  0x00000289e748702c: 200f 841a | 0000 0048 | 3bf7 0f84 | 1100 0000 

  0x00000289e748703c: ;   {runtime_call slow_subtype_check Runtime1 stub}
  0x00000289e748703c: 5657 e8bd | a31d 075e | 5e85 f60f | 848d 0000 

  0x00000289e748704c: ;   {metadata(method data for {method} {0x00000289c14f3b38} 'getLogger' '(Ljava/lang/String;)Lorg/eclipse/equinox/log/Logger;' in 'org/eclipse/osgi/internal/log/ExtendedLogServiceImpl')}
  0x00000289e748704c: 0048 bea0 | 7d77 c189 | 0200 008b | 7808 49ba | 0000 0080 | 8902 0000 | 4903 fa48 | 3bbe 5801 
  0x00000289e748706c: 0000 750d | 4883 8660 | 0100 0001 | e979 0000 | 0048 3bbe | 6801 0000 | 750d 4883 | 8670 0100 
  0x00000289e748708c: 0001 e963 | 0000 0048 | 83be 5801 | 0000 0075 | 1748 89be | 5801 0000 | 48c7 8660 | 0100 0001 
  0x00000289e74870ac: 0000 00e9 | 4200 0000 | 4883 be68 | 0100 0000 | 7517 4889 | be68 0100 | 0048 c786 | 7001 0000 
  0x00000289e74870cc: 0100 0000 | e921 0000 | 00e9 1c00 

  0x00000289e74870d8: ;   {metadata(method data for {method} {0x00000289c14f3b38} 'getLogger' '(Ljava/lang/String;)Lorg/eclipse/equinox/log/Logger;' in 'org/eclipse/osgi/internal/log/ExtendedLogServiceImpl')}
  0x00000289e74870d8: 0000 48be | a07d 77c1 | 8902 0000 | 4883 ae48 | 0100 0001 | e992 1600 | 00e9 0000 | 0000 488b 
  0x00000289e74870f8: d048 3b02 

  0x00000289e74870fc: ;   {metadata(method data for {method} {0x00000289c14cf270} 'trace' '(Ljava/lang/String;Ljava/lang/String;)V' in 'org/eclipse/osgi/internal/debug/Debug')}
  0x00000289e74870fc: 4c8b c248 | be60 7b77 | c189 0200 | 0045 8b40 | 0849 ba00 | 0000 8089 | 0200 004d | 03c2 4c3b 
  0x00000289e748711c: 8678 0100 | 0075 0d48 | 8386 8001 | 0000 01e9 | 6000 0000 | 4c3b 8688 | 0100 0075 | 0d48 8386 
  0x00000289e748713c: 9001 0000 | 01e9 4a00 | 0000 4883 | be78 0100 | 0000 7517 | 4c89 8678 | 0100 0048 | c786 8001 
  0x00000289e748715c: 0000 0100 | 0000 e929 | 0000 0048 | 83be 8801 | 0000 0075 | 174c 8986 | 8801 0000 | 48c7 8690 
  0x00000289e748717c: 0100 0001 | 0000 00e9 | 0800 0000 | 4883 8668 | 0100 0001 | 4c8b 8424 | 3801 0000 | 0f1f 4400 
  0x00000289e748719c: 0048 b8ff | ffff ffff 

  0x00000289e74871a4: ;   {virtual_call}
  0x00000289e74871a4: ffff ffe8 

  0x00000289e74871a8: ; ImmutableOopMap {[160]=Oop [168]=Oop [208]=Oop [296]=Oop }
                      ;*invokeinterface trace {reexecute=0 rethrow=0 return_oop=0}
                      ; - org.eclipse.osgi.internal.debug.Debug::trace@17 (line 230)
                      ; - org.eclipse.osgi.internal.loader.BundleLoader::findClass0@314 (line 517)
  0x00000289e74871a8: d478 1207 

  0x00000289e74871ac: ;   {other}
  0x00000289e74871ac: 0f1f 8400 | 1c36 002a 

  0x00000289e74871b4: ;   {metadata(method data for {method} {0x00000289c14cf270} 'trace' '(Ljava/lang/String;Ljava/lang/String;)V' in 'org/eclipse/osgi/internal/debug/Debug')}
  0x00000289e74871b4: 49b8 607b | 77c1 8902 | 0000 41ff | 80a0 0100 | 00e9 5200 | 0000 488b | 8424 3801 

  0x00000289e74871d0: ;   {oop(a 'java/lang/Class'{0x00000000ec8268b8} = 'org/eclipse/osgi/internal/debug/Debug')}
  0x00000289e74871d0: 0000 49b8 | b868 82ec | 0000 0000 | 418b 90c8 | 0000 0048 | 3b02 4c8b 

  0x00000289e74871e8: ;   {metadata(method data for {method} {0x00000289c14cf270} 'trace' '(Ljava/lang/String;Ljava/lang/String;)V' in 'org/eclipse/osgi/internal/debug/Debug')}
  0x00000289e74871e8: c248 be60 | 7b77 c189 

  0x00000289e74871f0: ;   {metadata('java/io/PrintStream')}
  0x00000289e74871f0: 0200 0049 | ba60 a300 | 8089 0200 | 004c 8996 | c801 0000 | 4883 86d0 | 0100 0001 

  0x00000289e748720c: ;   {optimized virtual_call}
  0x00000289e748720c: 4c8b c0e8 

  0x00000289e7487210: ; ImmutableOopMap {[160]=Oop [168]=Oop [208]=Oop [296]=Oop }
                      ;*invokevirtual println {reexecute=0 rethrow=0 return_oop=0}
                      ; - org.eclipse.osgi.internal.debug.Debug::trace@29 (line 232)
                      ; - org.eclipse.osgi.internal.loader.BundleLoader::findClass0@314 (line 517)
  0x00000289e7487210: 6c75 1207 

  0x00000289e7487214: ;   {other}
  0x00000289e7487214: 0f1f 8400 | 8436 002b | 488b 8424 | 2801 0000 

  0x00000289e7487224: ; implicit exception: dispatches to 0x00000289e7488796
  0x00000289e7487224: 483b 004c 

  0x00000289e7487228: ;   {metadata(method data for {method} {0x00000289c1584c68} 'findClass0' '(Ljava/lang/String;ZZ)Ljava/lang/Class;' in 'org/eclipse/osgi/internal/loader/BundleLoader')}
  0x00000289e7487228: 8bc0 48ba | 700e 91c1 | 8902 0000 | 458b 4008 | 49ba 0000 | 0080 8902 | 0000 4d03 | c24c 3b82 
  0x00000289e7487248: b808 0000 | 750d 4883 | 82c0 0800 | 0001 e960 | 0000 004c | 3b82 c808 | 0000 750d | 4883 82d0 
  0x00000289e7487268: 0800 0001 | e94a 0000 | 0048 83ba | b808 0000 | 0075 174c | 8982 b808 | 0000 48c7 | 82c0 0800 
  0x00000289e7487288: 0001 0000 | 00e9 2900 | 0000 4883 | bac8 0800 | 0000 7517 | 4c89 82c8 | 0800 0048 | c782 d008 
  0x00000289e74872a8: 0000 0100 | 0000 e908 | 0000 0048 | 8382 a808 | 0000 014c | 8b84 24a8 | 0000 0048 | 8bd0 0f1f 
  0x00000289e74872c8: 8000 0000 | 0048 b8ff | ffff ffff 

  0x00000289e74872d4: ;   {virtual_call}
  0x00000289e74872d4: ffff ffe8 

  0x00000289e74872d8: ; ImmutableOopMap {[160]=Oop [168]=Oop [208]=Oop [296]=Oop }
                      ;*invokevirtual loadClass {reexecute=0 rethrow=0 return_oop=0}
                      ; - org.eclipse.osgi.internal.loader.BundleLoader::findClass0@320 (line 521)
  0x00000289e74872d8: 8445 1207 

  0x00000289e74872dc: ;   {other}
  0x00000289e74872dc: 0f1f 8400 | 4c37 002c | 488b f048 

  0x00000289e74872e8: ;   {metadata(method data for {method} {0x00000289c1584c68} 'findClass0' '(Ljava/lang/String;ZZ)Ljava/lang/Class;' in 'org/eclipse/osgi/internal/loader/BundleLoader')}
  0x00000289e74872e8: 85f6 49b8 | 700e 91c1 | 8902 0000 | 48c7 c2e0 | 0800 0075 | 0748 c7c2 | f008 0000 | 498b 3c10 
  0x00000289e7487308: 488d 7f01 | 4989 3c10 | 0f85 c900 | 0000 488b | 9424 a000 

  0x00000289e748731c: ;   {metadata(method data for {method} {0x00000289c1584c68} 'findClass0' '(Ljava/lang/String;ZZ)Ljava/lang/Class;' in 'org/eclipse/osgi/internal/loader/BundleLoader')}
  0x00000289e748731c: 0000 49b8 | 700e 91c1 | 8902 0000 | 8b52 0849 | ba00 0000 | 8089 0200 | 0049 03d2 | 493b 9010 
  0x00000289e748733c: 0900 0075 | 0d49 8380 | 1809 0000 | 01e9 6000 | 0000 493b | 9020 0900 | 0075 0d49 | 8380 2809 
  0x00000289e748735c: 0000 01e9 | 4a00 0000 | 4983 b810 | 0900 0000 | 7517 4989 | 9010 0900 | 0049 c780 | 1809 0000 
  0x00000289e748737c: 0100 0000 | e929 0000 | 0049 83b8 | 2009 0000 | 0075 1749 | 8990 2009 | 0000 49c7 | 8028 0900 
  0x00000289e748739c: 0001 0000 | 00e9 0800 | 0000 4983 | 8000 0900 | 0001 4c8b | 8424 a800 | 0000 488b | 9424 a000 
  0x00000289e74873bc: 0000 0f1f | 8000 0000 | 0048 b8ff | ffff ffff 

  0x00000289e74873cc: ;   {virtual_call}
  0x00000289e74873cc: ffff ffe8 

  0x00000289e74873d0: ; ImmutableOopMap {[160]=Oop [168]=Oop [208]=Oop [296]=Oop }
                      ;*invokevirtual findLocalClass {reexecute=0 rethrow=0 return_oop=0}
                      ; - org.eclipse.osgi.internal.loader.BundleLoader::findClass0@332 (line 525)
  0x00000289e74873d0: 4c42 1207 

  0x00000289e74873d4: ;   {other}
  0x00000289e74873d4: 0f1f 8400 | 4438 002d | 488b f048 

  0x00000289e74873e0: ;   {metadata(method data for {method} {0x00000289c1584c68} 'findClass0' '(Ljava/lang/String;ZZ)Ljava/lang/Class;' in 'org/eclipse/osgi/internal/loader/BundleLoader')}
  0x00000289e74873e0: 85f6 49b8 | 700e 91c1 | 8902 0000 | 48c7 c248 | 0900 0075 | 0748 c7c2 | 3809 0000 | 498b 3c10 
  0x00000289e7487400: 488d 7f01 | 4989 3c10 | 0f85 0c08 | 0000 488b | 8424 2801 | 0000 4885 

  0x00000289e7487418: ;   {metadata(method data for {method} {0x00000289c1584c68} 'findClass0' '(Ljava/lang/String;ZZ)Ljava/lang/Class;' in 'org/eclipse/osgi/internal/loader/BundleLoader')}
  0x00000289e7487418: c049 b870 | 0e91 c189 | 0200 0048 | c7c2 5809 | 0000 7507 | 48c7 c268 | 0900 0049 | 8b3c 1048 
  0x00000289e7487438: 8d7f 0149 | 893c 100f | 857e 0000 | 0048 89b4 | 2440 0100 | 0048 8bb4 | 24d0 0000 | 0048 8b94 
  0x00000289e7487458: 24a0 0000 

  0x00000289e748745c: ;   {metadata(method data for {method} {0x00000289c1584c68} 'findClass0' '(Ljava/lang/String;ZZ)Ljava/lang/Class;' in 'org/eclipse/osgi/internal/loader/BundleLoader')}
  0x00000289e748745c: 0049 b870 | 0e91 c189 | 0200 0049 | 8380 7809 | 0000 014c | 8bc6 488b | 9424 a000 | 0000 0f1f 
  0x00000289e748747c: ;   {optimized virtual_call}
  0x00000289e748747c: 4400 00e8 

  0x00000289e7487480: ; ImmutableOopMap {[160]=Oop [168]=Oop [320]=Oop }
                      ;*invokespecial findDynamicSource {reexecute=0 rethrow=0 return_oop=0}
                      ; - org.eclipse.osgi.internal.loader.BundleLoader::findClass0@353 (line 531)
  0x00000289e7487480: fc72 1207 

  0x00000289e7487484: ;   {other}
  0x00000289e7487484: 0f1f 8400 | f438 002e 

  0x00000289e748748c: ;   {metadata(method data for {method} {0x00000289c1584c68} 'findClass0' '(Ljava/lang/String;ZZ)Ljava/lang/Class;' in 'org/eclipse/osgi/internal/loader/BundleLoader')}
  0x00000289e748748c: 4885 c049 | b870 0e91 | c189 0200 | 0049 c7c1 | 9809 0000 | 7507 49c7 | c188 0900 | 004b 8b14 
  0x00000289e74874ac: 0848 8d52 | 014b 8914 | 080f 8583 | 0100 0048 | 8bb4 2440 | 0100 0048 

  0x00000289e74874c4: ;   {metadata(method data for {method} {0x00000289c1584c68} 'findClass0' '(Ljava/lang/String;ZZ)Ljava/lang/Class;' in 'org/eclipse/osgi/internal/loader/BundleLoader')}
  0x00000289e74874c4: 85f6 49b8 | 700e 91c1 | 8902 0000 | 49c7 c110 | 0a00 0075 | 0749 c7c1 | 200a 0000 | 4b8b 1408 
  0x00000289e74874e4: 488d 5201 | 4b89 1408 | 0f85 7202 | 0000 4889 | b424 4001 | 0000 488b | 9424 a000 

  0x00000289e7487500: ;   {metadata(method data for {method} {0x00000289c1584c68} 'findClass0' '(Ljava/lang/String;ZZ)Ljava/lang/Class;' in 'org/eclipse/osgi/internal/loader/BundleLoader')}
  0x00000289e7487500: 0000 49b8 | 700e 91c1 | 8902 0000 | 4983 8030 | 0a00 0001 | 4c8b 8424 | a800 0000 | 41b9 0200 
  0x00000289e7487520: 0000 488b | 9424 a000 | 0000 0f1f 

  0x00000289e748752c: ;   {optimized virtual_call}
  0x00000289e748752c: 4400 00e8 

  0x00000289e7487530: ; ImmutableOopMap {[160]=Oop [168]=Oop [320]=Oop }
                      ;*invokespecial searchHooks {reexecute=0 rethrow=0 return_oop=0}
                      ; - org.eclipse.osgi.internal.loader.BundleLoader::findClass0@394 (line 542)
  0x00000289e7487530: 4c72 1207 

  0x00000289e7487534: ;   {other}
  0x00000289e7487534: 0f1f 8400 | a439 002f | 4885 c075 

  0x00000289e7487540: ;   {metadata(method data for {method} {0x00000289c1584c68} 'findClass0' '(Ljava/lang/String;ZZ)Ljava/lang/Class;' in 'org/eclipse/osgi/internal/loader/BundleLoader')}
  0x00000289e7487540: 1648 be70 | 0e91 c189 | 0200 0080 | 8e39 0a00 | 0001 e9cc 

  0x00000289e7487554: ;   {metadata('java/lang/Class')}
  0x00000289e7487554: 0000 0048 | bf98 6b00 | 8089 0200 | 008b 5008 | 49ba 0000 | 0080 8902 | 0000 4903 | d248 3bfa 
  0x00000289e7487574: 0f85 8d00 

  0x00000289e7487578: ;   {metadata(method data for {method} {0x00000289c1584c68} 'findClass0' '(Ljava/lang/String;ZZ)Ljava/lang/Class;' in 'org/eclipse/osgi/internal/loader/BundleLoader')}
  0x00000289e7487578: 0000 48be | 700e 91c1 | 8902 0000 | 8b78 0849 | ba00 0000 | 8089 0200 | 0049 03fa | 483b be50 
  0x00000289e7487598: 0a00 0075 | 0d48 8386 | 580a 0000 | 01e9 7900 | 0000 483b | be60 0a00 | 0075 0d48 | 8386 680a 
  0x00000289e74875b8: 0000 01e9 | 6300 0000 | 4883 be50 | 0a00 0000 | 7517 4889 | be50 0a00 | 0048 c786 | 580a 0000 
  0x00000289e74875d8: 0100 0000 | e942 0000 | 0048 83be | 600a 0000 | 0075 1748 | 89be 600a | 0000 48c7 | 8668 0a00 
  0x00000289e74875f8: 0001 0000 | 00e9 2100 | 0000 e91c 

  0x00000289e7487604: ;   {metadata(method data for {method} {0x00000289c1584c68} 'findClass0' '(Ljava/lang/String;ZZ)Ljava/lang/Class;' in 'org/eclipse/osgi/internal/loader/BundleLoader')}
  0x00000289e7487604: 0000 0048 | be70 0e91 | c189 0200 | 0048 83ae | 400a 0000 | 01e9 7d11 | 0000 e900 | 0000 004c 
  0x00000289e7487624: ;   {metadata(method data for {method} {0x00000289c1584c68} 'findClass0' '(Ljava/lang/String;ZZ)Ljava/lang/Class;' in 'org/eclipse/osgi/internal/loader/BundleLoader')}
  0x00000289e7487624: 8bc0 48ba | 700e 91c1 | 8902 0000 | ff82 780a | 0000 498b | f0e9 2601 | 0000 483b | 004c 8bc0 
  0x00000289e7487644: ;   {metadata(method data for {method} {0x00000289c1584c68} 'findClass0' '(Ljava/lang/String;ZZ)Ljava/lang/Class;' in 'org/eclipse/osgi/internal/loader/BundleLoader')}
  0x00000289e7487644: 48ba 700e | 91c1 8902 | 0000 458b | 4008 49ba | 0000 0080 | 8902 0000 | 4d03 c24c | 3b82 b809 
  0x00000289e7487664: 0000 750d | 4883 82c0 | 0900 0001 | e960 0000 | 004c 3b82 | c809 0000 | 750d 4883 | 82d0 0900 
  0x00000289e7487684: 0001 e94a | 0000 0048 | 83ba b809 | 0000 0075 | 174c 8982 | b809 0000 | 48c7 82c0 | 0900 0001 
  0x00000289e74876a4: 0000 00e9 | 2900 0000 | 4883 bac8 | 0900 0000 | 7517 4c89 | 82c8 0900 | 0048 c782 | d009 0000 
  0x00000289e74876c4: 0100 0000 | e908 0000 | 0048 8382 | a809 0000 | 014c 8b84 | 24a8 0000 | 0048 8bd0 | 0f1f 4400 
  0x00000289e74876e4: 0048 b8ff | ffff ffff 

  0x00000289e74876ec: ;   {virtual_call}
  0x00000289e74876ec: ffff ffe8 

  0x00000289e74876f0: ; ImmutableOopMap {[160]=Oop [168]=Oop }
                      ;*invokevirtual loadClass {reexecute=0 rethrow=0 return_oop=0}
                      ; - org.eclipse.osgi.internal.loader.BundleLoader::findClass0@366 (line 533)
  0x00000289e74876f0: 8c73 1207 

  0x00000289e74876f4: ;   {other}
  0x00000289e74876f4: 0f1f 8400 | 643b 0030 

  0x00000289e74876fc: ;   {metadata(method data for {method} {0x00000289c1584c68} 'findClass0' '(Ljava/lang/String;ZZ)Ljava/lang/Class;' in 'org/eclipse/osgi/internal/loader/BundleLoader')}
  0x00000289e74876fc: 4885 c049 | b870 0e91 | c189 0200 | 0048 c7c2 | e009 0000 | 7407 48c7 | c2f0 0900 | 0049 8b34 
  0x00000289e748771c: 1048 8d76 | 0149 8934 | 100f 8496 | 0400 0048 | 81c4 6001 

  0x00000289e7487730: ;   {poll_return}
  0x00000289e7487730: 0000 5d49 | 3ba7 4804 | 0000 0f87 | 6910 0000 | c349 8b87 | f804 0000 | 4d33 d24d | 8997 f804 
  0x00000289e7487750: 0000 4d33 | d24d 8997 | 0005 0000 | 488b b424 | 4001 0000 

  0x00000289e7487764: ;   {metadata(method data for {method} {0x00000289c1584c68} 'findClass0' '(Ljava/lang/String;ZZ)Ljava/lang/Class;' in 'org/eclipse/osgi/internal/loader/BundleLoader')}
  0x00000289e7487764: 4885 f649 | b870 0e91 | c189 0200 | 0048 c7c2 | 900a 0000 | 7507 48c7 | c2a0 0a00 | 0049 8b3c 
  0x00000289e7487784: 1048 8d7f | 0149 893c | 100f 8564 | 0000 0048 | 8b94 24a0 | 0000 008b | 7a1c 4885 

  0x00000289e74877a0: ;   {metadata(method data for {method} {0x00000289c1584c68} 'findClass0' '(Ljava/lang/String;ZZ)Ljava/lang/Class;' in 'org/eclipse/osgi/internal/loader/BundleLoader')}
  0x00000289e74877a0: ff49 b870 | 0e91 c189 | 0200 0048 | c7c3 b00a | 0000 7407 | 48c7 c3c0 | 0a00 0049 | 8b04 1848 
  0x00000289e74877c0: 8d40 0149 | 8904 180f | 842a 0000 | 004c 8b84 | 24a8 0000 | 0048 8bd7 | 0f1f 4400 | 0048 b8ff 
  0x00000289e74877e0: ffff ffff 

  0x00000289e74877e4: ;   {virtual_call}
  0x00000289e74877e4: ffff ffe8 

  0x00000289e74877e8: ; ImmutableOopMap {[160]=Oop [168]=Oop }
                      ;*invokevirtual doBuddyClassLoading {reexecute=0 rethrow=0 return_oop=0}
                      ; - org.eclipse.osgi.internal.loader.BundleLoader::findClass0@424 (line 548)
  0x00000289e74877e8: 9472 1207 

  0x00000289e74877ec: ;   {other}
  0x00000289e74877ec: 0f1f 8400 | 5c3c 0031 | 488b f048 

  0x00000289e74877f8: ;   {metadata(method data for {method} {0x00000289c1584c68} 'findClass0' '(Ljava/lang/String;ZZ)Ljava/lang/Class;' in 'org/eclipse/osgi/internal/loader/BundleLoader')}
  0x00000289e74877f8: 85f6 48ba | 700e 91c1 | 8902 0000 | 48c7 c718 | 0b00 0075 | 0748 c7c7 | 080b 0000 | 488b 1c3a 
  0x00000289e7487818: 488d 5b01 | 4889 1c3a | 0f85 6c03 | 0000 448b | 8c24 b000 | 0000 4585 

  0x00000289e7487830: ;   {metadata(method data for {method} {0x00000289c1584c68} 'findClass0' '(Ljava/lang/String;ZZ)Ljava/lang/Class;' in 'org/eclipse/osgi/internal/loader/BundleLoader')}
  0x00000289e7487830: c948 ba70 | 0e91 c189 | 0200 0048 | c7c6 380b | 0000 7507 | 48c7 c628 | 0b00 0048 | 8b3c 3248 
  0x00000289e7487850: 8d7f 0148 | 893c 320f | 851c 0000 | 008b bc24 | b400 0000 | 4c8b 8424 | a800 0000 | 488b 9424 
  0x00000289e7487870: a000 0000 | e923 0600 | 0048 8b94 | 24a0 0000 | 008b 7248 

  0x00000289e7487884: ;   {metadata(method data for {method} {0x00000289c1584c68} 'findClass0' '(Ljava/lang/String;ZZ)Ljava/lang/Class;' in 'org/eclipse/osgi/internal/loader/BundleLoader')}
  0x00000289e7487884: 4885 f648 | be70 0e91 | c189 0200 | 0048 c7c7 | 580b 0000 | 7507 48c7 | c748 0b00 | 0048 8b1c 
  0x00000289e74878a4: 3e48 8d5b | 0148 891c | 3e0f 8514 | 0000 008b | bc24 b400 | 0000 4c8b | 8424 a800 | 0000 e9d5 
  0x00000289e74878c4: 0500 008b | bc24 d800 | 0000 85ff 

  0x00000289e74878d0: ;   {metadata(method data for {method} {0x00000289c1584c68} 'findClass0' '(Ljava/lang/String;ZZ)Ljava/lang/Class;' in 'org/eclipse/osgi/internal/loader/BundleLoader')}
  0x00000289e74878d0: 48be 700e | 91c1 8902 | 0000 48c7 | c778 0b00 | 0074 0748 | c7c7 680b | 0000 488b | 1c3e 488d 
  0x00000289e74878f0: 5b01 4889 | 1c3e 0f84 | 1400 0000 | 8bbc 24b4 | 0000 004c | 8b84 24a8 | 0000 00e9 | 8c05 0000 
  0x00000289e7487910: 8b72 1448 | 3b06 488b 

  0x00000289e7487918: ;   {metadata(method data for {method} {0x00000289c1584c68} 'findClass0' '(Ljava/lang/String;ZZ)Ljava/lang/Class;' in 'org/eclipse/osgi/internal/loader/BundleLoader')}
  0x00000289e7487918: fe48 bb70 | 0e91 c189 

  0x00000289e7487920: ;   {metadata('org/eclipse/osgi/internal/framework/EquinoxContainer')}
  0x00000289e7487920: 0200 0049 | bac8 ec01 | 8189 0200 | 004c 8993 | 980b 0000 | 4883 83a0 | 0b00 0001 | 8b76 140f 
  0x00000289e7487940: be76 1e85 

  0x00000289e7487944: ;   {metadata(method data for {method} {0x00000289c1584c68} 'findClass0' '(Ljava/lang/String;ZZ)Ljava/lang/Class;' in 'org/eclipse/osgi/internal/loader/BundleLoader')}
  0x00000289e7487944: f648 be70 | 0e91 c189 | 0200 0048 | c7c7 c00b | 0000 7507 | 48c7 c7d0 | 0b00 0048 | 8b1c 3e48 
  0x00000289e7487964: 8d5b 0148 | 891c 3e0f | 8582 0000 | 0048 8bf2 

  0x00000289e7487974: ;   {metadata(method data for {method} {0x00000289c1584c68} 'findClass0' '(Ljava/lang/String;ZZ)Ljava/lang/Class;' in 'org/eclipse/osgi/internal/loader/BundleLoader')}
  0x00000289e7487974: 48bf 700e | 91c1 8902 | 0000 4883 | 87e0 0b00 | 0001 488b | f248 8bd6 

  0x00000289e748798c: ;   {optimized virtual_call}
  0x00000289e748798c: 6666 90e8 

  0x00000289e7487990: ; ImmutableOopMap {[160]=Oop [168]=Oop }
                      ;*invokespecial isRequestFromVM {reexecute=0 rethrow=0 return_oop=0}
                      ; - org.eclipse.osgi.internal.loader.BundleLoader::findClass0@467 (line 554)
  0x00000289e7487990: ec6d 1207 

  0x00000289e7487994: ;   {other}
  0x00000289e7487994: 0f1f 8400 | 043e 0032 

  0x00000289e748799c: ;   {metadata(method data for {method} {0x00000289c1584c68} 'findClass0' '(Ljava/lang/String;ZZ)Ljava/lang/Class;' in 'org/eclipse/osgi/internal/loader/BundleLoader')}
  0x00000289e748799c: 85c0 49b8 | 700e 91c1 | 8902 0000 | 49c7 c1f0 | 0b00 0074 | 0749 c7c1 | 000c 0000 | 4b8b 1408 
  0x00000289e74879bc: 488d 5201 | 4b89 1408 | 0f84 0d00 | 0000 488b | 9424 a000 | 0000 e91c | 0000 008b | bc24 b400 
  0x00000289e74879dc: 0000 4c8b | 8424 a800 | 0000 488b | 9424 a000 | 0000 e9a9 | 0400 008b | 7248 483b | 064c 8bc6 
  0x00000289e74879fc: ;   {metadata(method data for {method} {0x00000289c1584c68} 'findClass0' '(Ljava/lang/String;ZZ)Ljava/lang/Class;' in 'org/eclipse/osgi/internal/loader/BundleLoader')}
  0x00000289e74879fc: 49b9 700e | 91c1 8902 | 0000 458b | 4008 49ba | 0000 0080 | 8902 0000 | 4d03 c24d | 3b81 200c 
  0x00000289e7487a1c: 0000 750d | 4983 8128 | 0c00 0001 | e960 0000 | 004d 3b81 | 300c 0000 | 750d 4983 | 8138 0c00 
  0x00000289e7487a3c: 0001 e94a | 0000 0049 | 83b9 200c | 0000 0075 | 174d 8981 | 200c 0000 | 49c7 8128 | 0c00 0001 
  0x00000289e7487a5c: 0000 00e9 | 2900 0000 | 4983 b930 | 0c00 0000 | 7517 4d89 | 8130 0c00 | 0049 c781 | 380c 0000 
  0x00000289e7487a7c: 0100 0000 | e908 0000 | 0049 8381 | 100c 0000 

  0x00000289e7487a8c: ;   {metadata(method data for {method} {0x00000289800140e8} 'loadClass' '(Ljava/lang/String;)Ljava/lang/Class;' in 'java/lang/ClassLoader')}
  0x00000289e7487a8c: 0149 b8a0 | e22a c189 | 0200 0045 | 8b88 cc00 | 0000 4183 | c102 4589 | 88cc 0000 | 0041 81e1 
  0x00000289e7487aac: feff 1f00 | 4585 c90f | 8415 0d00 | 004c 8bc6 

  0x00000289e7487abc: ;   {metadata(method data for {method} {0x00000289800140e8} 'loadClass' '(Ljava/lang/String;)Ljava/lang/Class;' in 'java/lang/ClassLoader')}
  0x00000289e7487abc: 49b9 a0e2 | 2ac1 8902 | 0000 458b | 4008 49ba | 0000 0080 | 8902 0000 | 4d03 c24d | 3b81 2001 
  0x00000289e7487adc: 0000 750d | 4983 8128 | 0100 0001 | e960 0000 | 004d 3b81 | 3001 0000 | 750d 4983 | 8138 0100 
  0x00000289e7487afc: 0001 e94a | 0000 0049 | 83b9 2001 | 0000 0075 | 174d 8981 | 2001 0000 | 49c7 8128 | 0100 0001 
  0x00000289e7487b1c: 0000 00e9 | 2900 0000 | 4983 b930 | 0100 0000 | 7517 4d89 | 8130 0100 | 0049 c781 | 3801 0000 
  0x00000289e7487b3c: 0100 0000 | e908 0000 | 0049 8381 | 1001 0000 | 014c 8b84 | 24a8 0000 | 0041 b900 | 0000 0048 
  0x00000289e7487b5c: 8bd6 0f1f | 8000 0000 | 0048 b8ff | ffff ffff 

  0x00000289e7487b6c: ;   {virtual_call}
  0x00000289e7487b6c: ffff ffe8 

  0x00000289e7487b70: ; ImmutableOopMap {[160]=Oop [168]=Oop }
                      ;*invokevirtual loadClass {reexecute=0 rethrow=0 return_oop=0}
                      ; - java.lang.ClassLoader::loadClass@3
                      ; - org.eclipse.osgi.internal.loader.BundleLoader::findClass0@478 (line 557)
  0x00000289e7487b70: 0c6f 1207 

  0x00000289e7487b74: ;   {other}
  0x00000289e7487b74: 0f1f 8400 | e43f 0033 | 4881 c460 | 0100 005d 

  0x00000289e7487b84: ;   {poll_return}
  0x00000289e7487b84: 493b a748 | 0400 000f | 875e 0c00 | 00c3 488b | c648 81c4 | 6001 0000 

  0x00000289e7487b9c: ;   {poll_return}
  0x00000289e7487b9c: 5d49 3ba7 | 4804 0000 | 0f87 5b0c | 0000 c348 | 81c4 6001 

  0x00000289e7487bb0: ;   {poll_return}
  0x00000289e7487bb0: 0000 5d49 | 3ba7 4804 | 0000 0f87 | 5b0c 0000 | c348 8b94 | 24a0 0000 

  0x00000289e7487bc8: ;   {metadata(method data for {method} {0x00000289c1584c68} 'findClass0' '(Ljava/lang/String;ZZ)Ljava/lang/Class;' in 'org/eclipse/osgi/internal/loader/BundleLoader')}
  0x00000289e7487bc8: 0049 b870 | 0e91 c189 | 0200 0049 | 8380 000a | 0000 014c | 8b84 24a8 | 0000 0044 | 8b8c 24b4 
  0x00000289e7487be8: 0000 0048 | 8b94 24a0 | 0000 000f 

  0x00000289e7487bf4: ;   {optimized virtual_call}
  0x00000289e7487bf4: 1f40 00e8 

  0x00000289e7487bf8: ; ImmutableOopMap {}
                      ;*invokespecial generateException {reexecute=0 rethrow=0 return_oop=0}
                      ; - org.eclipse.osgi.internal.loader.BundleLoader::findClass0@382 (line 536)
  0x00000289e7487bf8: 846b 1207 

  0x00000289e7487bfc: ;   {other}
  0x00000289e7487bfc: 0f1f 8400 | 6c40 0034 | 4881 c460 | 0100 005d 

  0x00000289e7487c0c: ;   {poll_return}
  0x00000289e7487c0c: 493b a748 | 0400 000f | 8718 0c00 | 00c3 488b | c648 81c4 | 6001 0000 

  0x00000289e7487c24: ;   {poll_return}
  0x00000289e7487c24: 5d49 3ba7 | 4804 0000 | 0f87 150c | 0000 c348 | 81c4 6001 

  0x00000289e7487c38: ;   {poll_return}
  0x00000289e7487c38: 0000 5d49 | 3ba7 4804 | 0000 0f87 | 150c 0000 | c348 8b94 | 24a0 0000 

  0x00000289e7487c50: ;   {metadata(method data for {method} {0x00000289c1584c68} 'findClass0' '(Ljava/lang/String;ZZ)Ljava/lang/Class;' in 'org/eclipse/osgi/internal/loader/BundleLoader')}
  0x00000289e7487c50: 0049 b870 | 0e91 c189 | 0200 0049 | 8380 2007 | 0000 014c | 8b84 24a8 | 0000 0044 | 8b8c 24b4 
  0x00000289e7487c70: 0000 0048 | 8b94 24a0 | 0000 000f 

  0x00000289e7487c7c: ;   {optimized virtual_call}
  0x00000289e7487c7c: 1f40 00e8 

  0x00000289e7487c80: ; ImmutableOopMap {}
                      ;*invokespecial generateException {reexecute=0 rethrow=0 return_oop=0}
                      ; - org.eclipse.osgi.internal.loader.BundleLoader::findClass0@251 (line 511)
  0x00000289e7487c80: fc6a 1207 

  0x00000289e7487c84: ;   {other}
  0x00000289e7487c84: 0f1f 8400 | f440 0035 | 4881 c460 | 0100 005d 

  0x00000289e7487c94: ;   {poll_return}
  0x00000289e7487c94: 493b a748 | 0400 000f | 87d2 0b00 | 00c3 4881 | c460 0100 

  0x00000289e7487ca8: ;   {poll_return}
  0x00000289e7487ca8: 005d 493b | a748 0400 | 000f 87d2 | 0b00 00c3 | 4881 c460 | 0100 005d 

  0x00000289e7487cc0: ;   {poll_return}
  0x00000289e7487cc0: 493b a748 | 0400 000f | 87d2 0b00 | 00c3 8b52 | 4848 3b02 

  0x00000289e7487cd4: ;   {metadata(method data for {method} {0x00000289c1584c68} 'findClass0' '(Ljava/lang/String;ZZ)Ljava/lang/Class;' in 'org/eclipse/osgi/internal/loader/BundleLoader')}
  0x00000289e7487cd4: 4c8b c249 | b970 0e91 | c189 0200 | 0045 8b40 | 0849 ba00 | 0000 8089 | 0200 004d | 03c2 4d3b 
  0x00000289e7487cf4: 81b8 0100 | 0075 0d49 | 8381 c001 | 0000 01e9 | 6000 0000 | 4d3b 81c8 | 0100 0075 | 0d49 8381 
  0x00000289e7487d14: d001 0000 | 01e9 4a00 | 0000 4983 | b9b8 0100 | 0000 7517 | 4d89 81b8 | 0100 0049 | c781 c001 
  0x00000289e7487d34: 0000 0100 | 0000 e929 | 0000 0049 | 83b9 c801 | 0000 0075 | 174d 8981 | c801 0000 | 49c7 81d0 
  0x00000289e7487d54: 0100 0001 | 0000 00e9 | 0800 0000 | 4983 81a8 | 0100 0001 

  0x00000289e7487d68: ;   {metadata(method data for {method} {0x00000289800140e8} 'loadClass' '(Ljava/lang/String;)Ljava/lang/Class;' in 'java/lang/ClassLoader')}
  0x00000289e7487d68: 49b8 a0e2 | 2ac1 8902 | 0000 458b | 88cc 0000 | 0041 83c1 | 0245 8988 | cc00 0000 | 4181 e1fe 
  0x00000289e7487d88: ff1f 0045 | 85c9 0f84 | 260b 0000 

  0x00000289e7487d94: ;   {metadata(method data for {method} {0x00000289800140e8} 'loadClass' '(Ljava/lang/String;)Ljava/lang/Class;' in 'java/lang/ClassLoader')}
  0x00000289e7487d94: 4c8b c249 | b9a0 e22a | c189 0200 | 0045 8b40 | 0849 ba00 | 0000 8089 | 0200 004d | 03c2 4d3b 
  0x00000289e7487db4: 8120 0100 | 0075 0d49 | 8381 2801 | 0000 01e9 | 6000 0000 | 4d3b 8130 | 0100 0075 | 0d49 8381 
  0x00000289e7487dd4: 3801 0000 | 01e9 4a00 | 0000 4983 | b920 0100 | 0000 7517 | 4d89 8120 | 0100 0049 | c781 2801 
  0x00000289e7487df4: 0000 0100 | 0000 e929 | 0000 0049 | 83b9 3001 | 0000 0075 | 174d 8981 | 3001 0000 | 49c7 8138 
  0x00000289e7487e14: 0100 0001 | 0000 00e9 | 0800 0000 | 4983 8110 | 0100 0001 | 4c8b 8424 | a800 0000 | 41b9 0000 
  0x00000289e7487e34: 0000 0f1f | 8000 0000 | 0048 b888 | a206 8089 

  0x00000289e7487e44: ;   {virtual_call}
  0x00000289e7487e44: 0200 00e8 

  0x00000289e7487e48: ; ImmutableOopMap {}
                      ;*invokevirtual loadClass {reexecute=0 rethrow=0 return_oop=0}
                      ; - java.lang.ClassLoader::loadClass@3
                      ; - org.eclipse.osgi.internal.loader.BundleLoader::findClass0@25 (line 469)
  0x00000289e7487e48: 14c4 e3ff 

  0x00000289e7487e4c: ;   {other}
  0x00000289e7487e4c: 0f1f 8400 | bc42 0036 | 4881 c460 | 0100 005d 

  0x00000289e7487e5c: ;   {poll_return}
  0x00000289e7487e5c: 493b a748 | 0400 000f | 8772 0a00 | 00c3 488b | 9424 a000 | 0000 498b | 87f8 0400 | 004d 33d2 
  0x00000289e7487e7c: 4d89 97f8 | 0400 004d | 33d2 4d89 | 9700 0500 | 008b bc24 | b400 0000 | 4c8b 8424 | a800 0000 
  0x00000289e7487e9c: ;   {metadata(method data for {method} {0x00000289c1584c68} 'findClass0' '(Ljava/lang/String;ZZ)Ljava/lang/Class;' in 'org/eclipse/osgi/internal/loader/BundleLoader')}
  0x00000289e7487e9c: 4c8b ca48 | be70 0e91 | c189 0200 | 0048 8386 | 480c 0000 | 014c 8bcf 

  0x00000289e7487eb4: ;   {optimized virtual_call}
  0x00000289e7487eb4: 6666 90e8 

  0x00000289e7487eb8: ; ImmutableOopMap {}
                      ;*invokespecial generateException {reexecute=0 rethrow=0 return_oop=0}
                      ; - org.eclipse.osgi.internal.loader.BundleLoader::findClass0@487 (line 562)
  0x00000289e7487eb8: c468 1207 

  0x00000289e7487ebc: ;   {other}
  0x00000289e7487ebc: 0f1f 8400 | 2c43 0037 | 4881 c460 | 0100 005d 

  0x00000289e7487ecc: ;   {poll_return}
  0x00000289e7487ecc: 493b a748 | 0400 000f | 8718 0a00 | 00c3 498b | 87f8 0400 | 004d 33d2 | 4d89 97f8 | 0400 004d 
  0x00000289e7487eec: 33d2 4d89 | 9700 0500 | 0048 8bf0 | 488d 8424 | 4801 0000 | 488b 3848 | 85ff 0f84 | 0f00 0000 
  0x00000289e7487f0c: 488b 5808 | f048 0fb1 | 3b0f 85ec | 0900 0049 | ff8f 4805 | 0000 488b | c6e9 260a | 0000 498b 
  0x00000289e7487f2c: 87f8 0400 | 004d 33d2 | 4d89 97f8 | 0400 004d | 33d2 4d89 | 9700 0500 | 0048 8bf0 | 488d 8424 
  0x00000289e7487f4c: 4801 0000 | 488b 3848 | 85ff 0f84 | 0f00 0000 | 488b 5808 | f048 0fb1 | 3b0f 85b2 | 0900 0049 
  0x00000289e7487f6c: ff8f 4805 | 0000 488b | c6e9 d609 

  0x00000289e7487f78: ;   {metadata({method} {0x00000289c1584c68} 'findClass0' '(Ljava/lang/String;ZZ)Ljava/lang/Class;' in 'org/eclipse/osgi/internal/loader/BundleLoader')}
  0x00000289e7487f78: 0000 49ba | 604c 58c1 | 8902 0000 | 4c89 5424 | 0848 c704 | 24ff ffff 

  0x00000289e7487f90: ;   {runtime_call counter_overflow Runtime1 stub}
  0x00000289e7487f90: ffe8 eac7 

  0x00000289e7487f94: ; ImmutableOopMap {rdx=Oop r8=Oop [160]=Oop [168]=Oop }
                      ;*synchronization entry
                      ; - org.eclipse.osgi.internal.loader.BundleLoader::findClass0@-1 (line 465)
  0x00000289e7487f94: 1d07 e903 

  0x00000289e7487f98: ;   {runtime_call throw_null_pointer_exception Runtime1 stub}
  0x00000289e7487f98: c5ff ffe8 

  0x00000289e7487f9c: ; ImmutableOopMap {r8=Oop [160]=Oop [168]=Oop }
                      ;*invokevirtual startsWith {reexecute=0 rethrow=0 return_oop=0}
                      ; - org.eclipse.osgi.internal.loader.BundleLoader::findClass0@14 (line 465)
  0x00000289e7487f9c: 6058 1d07 

  0x00000289e7487fa0: ;   {metadata({method} {0x000002898044fe00} 'startsWith' '(Ljava/lang/String;)Z' in 'java/lang/String')}
  0x00000289e7487fa0: 49ba f8fd | 4480 8902 | 0000 4c89 | 5424 0848 | c704 24ff 

  0x00000289e7487fb4: ;   {runtime_call counter_overflow Runtime1 stub}
  0x00000289e7487fb4: ffff ffe8 

  0x00000289e7487fb8: ; ImmutableOopMap {r8=Oop [160]=Oop [168]=Oop }
                      ;*synchronization entry
                      ; - java.lang.String::startsWith@-1
                      ; - org.eclipse.osgi.internal.loader.BundleLoader::findClass0@14 (line 465)
  0x00000289e7487fb8: c4c7 1d07 | e990 c5ff 

  0x00000289e7487fc0: ;   {runtime_call throw_null_pointer_exception Runtime1 stub}
  0x00000289e7487fc0: ffe8 3a58 

  0x00000289e7487fc4: ; ImmutableOopMap {rdx=Oop rbx=Oop [160]=Oop [168]=Oop [192]=Oop }
                      ;*getfield DEBUG_LOADER {reexecute=1 rethrow=0 return_oop=0}
                      ; - (reexecute) org.eclipse.osgi.internal.loader.BundleLoader::findClass0@33 (line 472)
                      ;   {metadata(nullptr)}
  0x00000289e7487fc4: 1d07 48ba | 0000 0000 | 0000 0000 | b800 0f05 

  0x00000289e7487fd4: ;   {runtime_call load_klass_patching Runtime1 stub}
  0x00000289e7487fd4: 0ae8 a6b0 

  0x00000289e7487fd8: ; ImmutableOopMap {[160]=Oop [168]=Oop [192]=Oop }
                      ;*new {reexecute=1 rethrow=0 return_oop=0}
                      ; - (reexecute) org.eclipse.osgi.internal.loader.BundleLoader::findClass0@46 (line 473)
  0x00000289e7487fd8: 1d07 e929 | c6ff ff48 

  0x00000289e7487fe0: ;   {runtime_call fast_new_instance Runtime1 stub}
  0x00000289e7487fe0: 8bd2 e819 

  0x00000289e7487fe4: ; ImmutableOopMap {[160]=Oop [168]=Oop [192]=Oop }
                      ;*new {reexecute=0 rethrow=0 return_oop=0}
                      ; - org.eclipse.osgi.internal.loader.BundleLoader::findClass0@46 (line 473)
  0x00000289e7487fe4: 611d 07e9 | 6cc6 ffff 

  0x00000289e7487fec: ;   {metadata({method} {0x000002898045dd28} '<init>' '(Ljava/lang/String;)V' in 'java/lang/StringBuilder')}
  0x00000289e7487fec: 49ba 20dd | 4580 8902 | 0000 4c89 | 5424 0848 | c704 24ff 

  0x00000289e7488000: ;   {runtime_call counter_overflow Runtime1 stub}
  0x00000289e7488000: ffff ffe8 

  0x00000289e7488004: ; ImmutableOopMap {rax=Oop [160]=Oop [168]=Oop [184]=Oop [192]=Oop }
                      ;*synchronization entry
                      ; - java.lang.StringBuilder::<init>@-1
                      ; - org.eclipse.osgi.internal.loader.BundleLoader::findClass0@53 (line 473)
  0x00000289e7488004: 78c7 1d07 | e991 c6ff 

  0x00000289e748800c: ;   {metadata({method} {0x000002898045dac0} 'append' '(Ljava/lang/Object;)Ljava/lang/StringBuilder;' in 'java/lang/StringBuilder')}
  0x00000289e748800c: ff49 bab8 | da45 8089 | 0200 004c | 8954 2408 | 48c7 0424 | ffff ffff 

  0x00000289e7488024: ;   {runtime_call counter_overflow Runtime1 stub}
  0x00000289e7488024: e857 c71d 

  0x00000289e7488028: ; ImmutableOopMap {[160]=Oop [168]=Oop [184]=Oop [192]=Oop }
                      ;*synchronization entry
                      ; - java.lang.StringBuilder::append@-1
                      ; - org.eclipse.osgi.internal.loader.BundleLoader::findClass0@57 (line 473)
  0x00000289e7488028: 07e9 e7c6 

  0x00000289e748802c: ;   {metadata({method} {0x0000028980451248} 'valueOf' '(Ljava/lang/Object;)Ljava/lang/String;' in 'java/lang/String')}
  0x00000289e748802c: ffff 49ba | 4012 4580 | 8902 0000 | 4c89 5424 | 0848 c704 | 24ff ffff 

  0x00000289e7488044: ;   {runtime_call counter_overflow Runtime1 stub}
  0x00000289e7488044: ffe8 36c7 

  0x00000289e7488048: ; ImmutableOopMap {[160]=Oop [168]=Oop [184]=Oop [192]=Oop }
                      ;*synchronization entry
                      ; - java.lang.String::valueOf@-1
                      ; - java.lang.StringBuilder::append@2
                      ; - org.eclipse.osgi.internal.loader.BundleLoader::findClass0@57 (line 473)
  0x00000289e7488048: 1d07 e9ff 

  0x00000289e748804c: ;   {metadata({method} {0x000002898045da68} 'append' '(Ljava/lang/String;)Ljava/lang/StringBuilder;' in 'java/lang/StringBuilder')}
  0x00000289e748804c: c6ff ff49 | ba60 da45 | 8089 0200 | 004c 8954 | 2408 48c7 | 0424 ffff 

  0x00000289e7488064: ;   {runtime_call counter_overflow Runtime1 stub}
  0x00000289e7488064: ffff e815 

  0x00000289e7488068: ; ImmutableOopMap {rax=Oop [160]=Oop [168]=Oop [184]=Oop [192]=Oop }
                      ;*synchronization entry
                      ; - java.lang.StringBuilder::append@-1
                      ; - java.lang.StringBuilder::append@5
                      ; - org.eclipse.osgi.internal.loader.BundleLoader::findClass0@57 (line 473)
  0x00000289e7488068: c71d 07e9 | dfc7 ffff 

  0x00000289e7488070: ;   {metadata({method} {0x000002898045da68} 'append' '(Ljava/lang/String;)Ljava/lang/StringBuilder;' in 'java/lang/StringBuilder')}
  0x00000289e7488070: 49ba 60da | 4580 8902 | 0000 4c89 | 5424 0848 | c704 24ff 

  0x00000289e7488084: ;   {runtime_call counter_overflow Runtime1 stub}
  0x00000289e7488084: ffff ffe8 

  0x00000289e7488088: ; ImmutableOopMap {rax=Oop [160]=Oop [168]=Oop [184]=Oop [192]=Oop }
                      ;*synchronization entry
                      ; - java.lang.StringBuilder::append@-1
                      ; - org.eclipse.osgi.internal.loader.BundleLoader::findClass0@63 (line 473)
  0x00000289e7488088: f4c6 1d07 | e939 c8ff 

  0x00000289e7488090: ;   {metadata({method} {0x000002898045da68} 'append' '(Ljava/lang/String;)Ljava/lang/StringBuilder;' in 'java/lang/StringBuilder')}
  0x00000289e7488090: ff49 ba60 | da45 8089 | 0200 004c | 8954 2408 | 48c7 0424 | ffff ffff 

  0x00000289e74880a8: ;   {runtime_call counter_overflow Runtime1 stub}
  0x00000289e74880a8: e8d3 c61d 

  0x00000289e74880ac: ; ImmutableOopMap {[160]=Oop [168]=Oop [184]=Oop [192]=Oop }
                      ;*synchronization entry
                      ; - java.lang.StringBuilder::append@-1
                      ; - org.eclipse.osgi.internal.loader.BundleLoader::findClass0@67 (line 473)
  0x00000289e74880ac: 07e9 8dc8 

  0x00000289e74880b0: ;   {metadata({method} {0x000002898045da68} 'append' '(Ljava/lang/String;)Ljava/lang/StringBuilder;' in 'java/lang/StringBuilder')}
  0x00000289e74880b0: ffff 49ba | 60da 4580 | 8902 0000 | 4c89 5424 | 0848 c704 | 24ff ffff 

  0x00000289e74880c8: ;   {runtime_call counter_overflow Runtime1 stub}
  0x00000289e74880c8: ffe8 b2c6 

  0x00000289e74880cc: ; ImmutableOopMap {[160]=Oop [168]=Oop [184]=Oop [192]=Oop }
                      ;*synchronization entry
                      ; - java.lang.StringBuilder::append@-1
                      ; - org.eclipse.osgi.internal.loader.BundleLoader::findClass0@73 (line 473)
  0x00000289e74880cc: 1d07 e9ec 

  0x00000289e74880d0: ;   {metadata({method} {0x0000028980008910} 'toString' '()Ljava/lang/String;' in 'java/lang/StringBuilder')}
  0x00000289e74880d0: c8ff ff49 | ba08 8900 | 8089 0200 | 004c 8954 | 2408 48c7 | 0424 ffff 

  0x00000289e74880e8: ;   {runtime_call counter_overflow Runtime1 stub}
  0x00000289e74880e8: ffff e891 

  0x00000289e74880ec: ; ImmutableOopMap {[160]=Oop [168]=Oop [184]=Oop [192]=Oop }
                      ;*synchronization entry
                      ; - java.lang.StringBuilder::toString@-1
                      ; - org.eclipse.osgi.internal.loader.BundleLoader::findClass0@76 (line 473)
  0x00000289e74880ec: c61d 07e9 | 49c9 ffff 

  0x00000289e74880f4: ;   {runtime_call fast_new_instance Runtime1 stub}
  0x00000289e74880f4: 488b d2e8 

  0x00000289e74880f8: ; ImmutableOopMap {[160]=Oop [168]=Oop [184]=Oop [192]=Oop }
                      ;*new {reexecute=0 rethrow=0 return_oop=0}
                      ; - java.lang.StringBuilder::toString@0
                      ; - org.eclipse.osgi.internal.loader.BundleLoader::findClass0@76 (line 473)
  0x00000289e74880f8: 0460 1d07 | e98c c9ff 

  0x00000289e7488100: ;   {metadata({method} {0x0000028980451da0} '<init>' '(Ljava/lang/StringBuilder;)V' in 'java/lang/String')}
  0x00000289e7488100: ff49 ba98 | 1d45 8089 | 0200 004c | 8954 2408 | 48c7 0424 | ffff ffff 

  0x00000289e7488118: ;   {runtime_call counter_overflow Runtime1 stub}
  0x00000289e7488118: e863 c61d 

  0x00000289e748811c: ; ImmutableOopMap {rax=Oop [160]=Oop [168]=Oop [184]=Oop [192]=Oop }
                      ;*synchronization entry
                      ; - java.lang.String::<init>@-1
                      ; - java.lang.StringBuilder::toString@5
                      ; - org.eclipse.osgi.internal.loader.BundleLoader::findClass0@76 (line 473)
  0x00000289e748811c: 07e9 acc9 

  0x00000289e7488120: ;   {metadata({method} {0x00000289c14cf270} 'trace' '(Ljava/lang/String;Ljava/lang/String;)V' in 'org/eclipse/osgi/internal/debug/Debug')}
  0x00000289e7488120: ffff 49ba | 68f2 4cc1 | 8902 0000 | 4c89 5424 | 0848 c704 | 24ff ffff 

  0x00000289e7488138: ;   {runtime_call counter_overflow Runtime1 stub}
  0x00000289e7488138: ffe8 42c6 

  0x00000289e748813c: ; ImmutableOopMap {[160]=Oop [168]=Oop [192]=Oop [200]=Oop }
                      ;*synchronization entry
                      ; - org.eclipse.osgi.internal.debug.Debug::trace@-1 (line 221)
                      ; - org.eclipse.osgi.internal.loader.BundleLoader::findClass0@79 (line 473)
  0x00000289e748813c: 1d07 e928 

  0x00000289e7488140: ;   {runtime_call throw_incompatible_class_change_error Runtime1 stub}
  0x00000289e7488140: caff ffe8 

  0x00000289e7488144: ; ImmutableOopMap {rdx=Oop [160]=Oop [168]=Oop [200]=Oop }
                      ;*invokeinterface getLogger {reexecute=0 rethrow=0 return_oop=0}
                      ; - org.eclipse.osgi.internal.debug.Debug::trace@11 (line 230)
                      ; - org.eclipse.osgi.internal.loader.BundleLoader::findClass0@79 (line 473)
  0x00000289e7488144: b88c 1d07 

  0x00000289e7488148: ;   {runtime_call throw_null_pointer_exception Runtime1 stub}
  0x00000289e7488148: e8b3 561d 

  0x00000289e748814c: ; ImmutableOopMap {rdx=Oop [160]=Oop [168]=Oop [200]=Oop }
                      ;*invokeinterface getLogger {reexecute=0 rethrow=0 return_oop=0}
                      ; - org.eclipse.osgi.internal.debug.Debug::trace@11 (line 230)
                      ; - org.eclipse.osgi.internal.loader.BundleLoader::findClass0@79 (line 473)
                      ;   {metadata({method} {0x00000289c14f62b0} 'getLogger' '(Ljava/lang/String;)Lorg/osgi/service/log/Logger;' in 'org/eclipse/osgi/internal/log/ExtendedLogServiceImpl')}
  0x00000289e748814c: 0749 baa8 | 624f c189 | 0200 004c | 8954 2408 | 48c7 0424 | ffff ffff 

  0x00000289e7488164: ;   {runtime_call counter_overflow Runtime1 stub}
  0x00000289e7488164: e817 c61d 

  0x00000289e7488168: ; ImmutableOopMap {rdx=Oop [160]=Oop [168]=Oop [200]=Oop }
                      ;*synchronization entry
                      ; - org.eclipse.osgi.internal.log.ExtendedLogServiceImpl::getLogger@-1 (line 1)
                      ; - org.eclipse.osgi.internal.debug.Debug::trace@11 (line 230)
                      ; - org.eclipse.osgi.internal.loader.BundleLoader::findClass0@79 (line 473)
  0x00000289e7488168: 07e9 c1ca 

  0x00000289e748816c: ;   {metadata({method} {0x00000289c14f3b38} 'getLogger' '(Ljava/lang/String;)Lorg/eclipse/equinox/log/Logger;' in 'org/eclipse/osgi/internal/log/ExtendedLogServiceImpl')}
  0x00000289e748816c: ffff 49ba | 303b 4fc1 | 8902 0000 | 4c89 5424 | 0848 c704 | 24ff ffff 

  0x00000289e7488184: ;   {runtime_call counter_overflow Runtime1 stub}
  0x00000289e7488184: ffe8 f6c5 

  0x00000289e7488188: ; ImmutableOopMap {rdx=Oop [160]=Oop [168]=Oop [200]=Oop }
                      ;*synchronization entry
                      ; - org.eclipse.osgi.internal.log.ExtendedLogServiceImpl::getLogger@-1 (line 73)
                      ; - org.eclipse.osgi.internal.log.ExtendedLogServiceImpl::getLogger@2 (line 1)
                      ; - org.eclipse.osgi.internal.debug.Debug::trace@11 (line 230)
                      ; - org.eclipse.osgi.internal.loader.BundleLoader::findClass0@79 (line 473)
  0x00000289e7488188: 1d07 e9f2 | caff ff48 

  0x00000289e7488190: ;   {runtime_call throw_class_cast_exception Runtime1 stub}
  0x00000289e7488190: 8904 24e8 

  0x00000289e7488194: ; ImmutableOopMap {[160]=Oop [168]=Oop [200]=Oop }
                      ;*checkcast {reexecute=0 rethrow=0 return_oop=0}
                      ; - org.eclipse.osgi.internal.log.ExtendedLogServiceImpl::getLogger@7 (line 73)
                      ; - org.eclipse.osgi.internal.log.ExtendedLogServiceImpl::getLogger@2 (line 1)
                      ; - org.eclipse.osgi.internal.debug.Debug::trace@11 (line 230)
                      ; - org.eclipse.osgi.internal.loader.BundleLoader::findClass0@79 (line 473)
  0x00000289e7488194: 6886 1d07 

  0x00000289e7488198: ;   {runtime_call throw_null_pointer_exception Runtime1 stub}
  0x00000289e7488198: e863 561d 

  0x00000289e748819c: ; ImmutableOopMap {rdx=Oop [160]=Oop [168]=Oop [200]=Oop }
                      ;*invokeinterface trace {reexecute=0 rethrow=0 return_oop=0}
                      ; - org.eclipse.osgi.internal.debug.Debug::trace@17 (line 230)
                      ; - org.eclipse.osgi.internal.loader.BundleLoader::findClass0@79 (line 473)
                      ;   {runtime_call throw_null_pointer_exception Runtime1 stub}
  0x00000289e748819c: 07e8 5e56 

  0x00000289e74881a0: ; ImmutableOopMap {rax=Oop rdx=Oop [160]=Oop [168]=Oop }
                      ;*invokevirtual println {reexecute=0 rethrow=0 return_oop=0}
                      ; - org.eclipse.osgi.internal.debug.Debug::trace@29 (line 232)
                      ; - org.eclipse.osgi.internal.loader.BundleLoader::findClass0@79 (line 473)
                      ;   {metadata({method} {0x00000289c1583178} 'getPackageName' '(Ljava/lang/String;)Ljava/lang/String;' in 'org/eclipse/osgi/internal/loader/BundleLoader')}
  0x00000289e74881a0: 1d07 49ba | 7031 58c1 | 8902 0000 | 4c89 5424 | 0848 c704 | 24ff ffff 

  0x00000289e74881b8: ;   {runtime_call counter_overflow Runtime1 stub}
  0x00000289e74881b8: ffe8 c2c5 

  0x00000289e74881bc: ; ImmutableOopMap {r8=Oop [160]=Oop [168]=Oop }
                      ;*synchronization entry
                      ; - org.eclipse.osgi.internal.loader.BundleLoader::getPackageName@-1 (line 142)
                      ; - org.eclipse.osgi.internal.loader.BundleLoader::findClass0@83 (line 475)
  0x00000289e74881bc: 1d07 e977 

  0x00000289e74881c0: ;   {runtime_call throw_null_pointer_exception Runtime1 stub}
  0x00000289e74881c0: cdff ffe8 

  0x00000289e74881c4: ; ImmutableOopMap {r8=Oop [160]=Oop [168]=Oop }
                      ;*invokevirtual lastIndexOf {reexecute=0 rethrow=0 return_oop=0}
                      ; - org.eclipse.osgi.internal.loader.BundleLoader::getPackageName@7 (line 143)
                      ; - org.eclipse.osgi.internal.loader.BundleLoader::findClass0@83 (line 475)
  0x00000289e74881c4: 3856 1d07 

  0x00000289e74881c8: ;   {metadata({method} {0x000002898044fcf8} 'lastIndexOf' '(I)I' in 'java/lang/String')}
  0x00000289e74881c8: 49ba f0fc | 4480 8902 | 0000 4c89 | 5424 0848 | c704 24ff 

  0x00000289e74881dc: ;   {runtime_call counter_overflow Runtime1 stub}
  0x00000289e74881dc: ffff ffe8 

  0x00000289e74881e0: ; ImmutableOopMap {r8=Oop [160]=Oop [168]=Oop }
                      ;*synchronization entry
                      ; - java.lang.String::lastIndexOf@-1
                      ; - org.eclipse.osgi.internal.loader.BundleLoader::getPackageName@7 (line 143)
                      ; - org.eclipse.osgi.internal.loader.BundleLoader::findClass0@83 (line 475)
  0x00000289e74881e0: 9cc5 1d07 | e9c4 cdff 

  0x00000289e74881e8: ;   {metadata({method} {0x000002898000ed38} 'length' '()I' in 'java/lang/String')}
  0x00000289e74881e8: ff49 ba30 | ed00 8089 | 0200 004c | 8954 2408 | 48c7 0424 | ffff ffff 

  0x00000289e7488200: ;   {runtime_call counter_overflow Runtime1 stub}
  0x00000289e7488200: e87b c51d 

  0x00000289e7488204: ; ImmutableOopMap {r8=Oop [160]=Oop [168]=Oop }
                      ;*synchronization entry
                      ; - java.lang.String::length@-1
                      ; - java.lang.String::lastIndexOf@3
                      ; - org.eclipse.osgi.internal.loader.BundleLoader::getPackageName@7 (line 143)
                      ; - org.eclipse.osgi.internal.loader.BundleLoader::findClass0@83 (line 475)
  0x00000289e7488204: 07e9 e4cd 

  0x00000289e7488208: ;   {runtime_call throw_null_pointer_exception Runtime1 stub}
  0x00000289e7488208: ffff e8f1 

  0x00000289e748820c: ; ImmutableOopMap {r8=Oop [160]=Oop [168]=Oop }
                      ;*arraylength {reexecute=0 rethrow=0 return_oop=0}
                      ; - java.lang.String::length@4
                      ; - java.lang.String::lastIndexOf@3
                      ; - org.eclipse.osgi.internal.loader.BundleLoader::getPackageName@7 (line 143)
                      ; - org.eclipse.osgi.internal.loader.BundleLoader::findClass0@83 (line 475)
                      ;   {metadata({method} {0x0000028980450fe0} 'coder' '()B' in 'java/lang/String')}
  0x00000289e748820c: 551d 0749 | bad8 0f45 | 8089 0200 | 004c 8954 | 2408 48c7 | 0424 ffff 

  0x00000289e7488224: ;   {runtime_call counter_overflow Runtime1 stub}
  0x00000289e7488224: ffff e855 

  0x00000289e7488228: ; ImmutableOopMap {r8=Oop [160]=Oop [168]=Oop }
                      ;*synchronization entry
                      ; - java.lang.String::coder@-1
                      ; - java.lang.String::length@6
                      ; - java.lang.String::lastIndexOf@3
                      ; - org.eclipse.osgi.internal.loader.BundleLoader::getPackageName@7 (line 143)
                      ; - org.eclipse.osgi.internal.loader.BundleLoader::findClass0@83 (line 475)
  0x00000289e7488228: c51d 07e9 | 02ce ffff 

  0x00000289e7488230: ;   {runtime_call throw_null_pointer_exception Runtime1 stub}
  0x00000289e7488230: e8cb 551d 

  0x00000289e7488234: ; ImmutableOopMap {rsi=Oop rdx=Oop rdi=Oop [160]=Oop [168]=Oop }
                      ;*invokevirtual isBootDelegationPackage {reexecute=0 rethrow=0 return_oop=0}
                      ; - org.eclipse.osgi.internal.loader.BundleLoader::findClass0@108 (line 478)
                      ;   {runtime_call throw_null_pointer_exception Runtime1 stub}
  0x00000289e7488234: 07e8 c655 

  0x00000289e7488238: ; ImmutableOopMap {rdx=Oop rsi=Oop [160]=Oop [168]=Oop [208]=Oop }
                      ;*invokevirtual loadClass {reexecute=0 rethrow=0 return_oop=0}
                      ; - org.eclipse.osgi.internal.loader.BundleLoader::findClass0@119 (line 482)
                      ;   {metadata({method} {0x00000289800140e8} 'loadClass' '(Ljava/lang/String;)Ljava/lang/Class;' in 'java/lang/ClassLoader')}
  0x00000289e7488238: 1d07 49ba | e040 0180 | 8902 0000 | 4c89 5424 | 0848 c704 | 24ff ffff 

  0x00000289e7488250: ;   {runtime_call counter_overflow Runtime1 stub}
  0x00000289e7488250: ffe8 2ac5 

  0x00000289e7488254: ; ImmutableOopMap {rdx=Oop rsi=Oop [160]=Oop [168]=Oop [208]=Oop }
                      ;*synchronization entry
                      ; - java.lang.ClassLoader::loadClass@-1
                      ; - org.eclipse.osgi.internal.loader.BundleLoader::findClass0@119 (line 482)
  0x00000289e7488254: 1d07 e997 

  0x00000289e7488258: ;   {internal_word}
  0x00000289e7488258: d0ff ff49 | babc 5348 | e789 0200 | 004d 8997 | 6004 0000 

  0x00000289e748826c: ;   {runtime_call SafepointBlob}
  0x00000289e748826c: e98f c812 | 0748 8904 

  0x00000289e7488274: ;   {runtime_call throw_class_cast_exception Runtime1 stub}
  0x00000289e7488274: 24e8 8685 

  0x00000289e7488278: ; ImmutableOopMap {[160]=Oop [168]=Oop [208]=Oop }
                      ;*checkcast {reexecute=0 rethrow=0 return_oop=0}
                      ; - org.eclipse.osgi.internal.loader.BundleLoader::findClass0@137 (line 490)
                      ;   {metadata({method} {0x00000289c15879e0} 'findImportedSource' '(Ljava/lang/String;Ljava/util/Collection;)Lorg/eclipse/osgi/internal/loader/sources/PackageSource;' in 'org/eclipse/osgi/internal/loader/BundleLoader')}
  0x00000289e7488278: 1d07 49ba | d879 58c1 | 8902 0000 | 4c89 5424 | 0848 c704 | 24ff ffff 

  0x00000289e7488290: ;   {runtime_call counter_overflow Runtime1 stub}
  0x00000289e7488290: ffe8 eac4 

  0x00000289e7488294: ; ImmutableOopMap {[160]=Oop [168]=Oop [208]=Oop [224]=Oop }
                      ;*synchronization entry
                      ; - org.eclipse.osgi.internal.loader.BundleLoader::findImportedSource@-1 (line 1244)
                      ; - org.eclipse.osgi.internal.loader.BundleLoader::findClass0@159 (line 497)
  0x00000289e7488294: 1d07 e936 

  0x00000289e7488298: ;   {runtime_call throw_null_pointer_exception Runtime1 stub}
  0x00000289e7488298: d3ff ffe8 

  0x00000289e748829c: ; ImmutableOopMap {rsi=Oop [160]=Oop [168]=Oop [208]=Oop [224]=Oop }
                      ;*monitorenter {reexecute=0 rethrow=0 return_oop=0}
                      ; - org.eclipse.osgi.internal.loader.BundleLoader::findImportedSource@10 (line 1245)
                      ; - org.eclipse.osgi.internal.loader.BundleLoader::findClass0@159 (line 497)
  0x00000289e748829c: 6055 1d07 | 4889 7424 | 084c 8904 

  0x00000289e74882a8: ;   {runtime_call monitorenter_nofpu Runtime1 stub}
  0x00000289e74882a8: 24e8 529d 

  0x00000289e74882ac: ; ImmutableOopMap {rsi=Oop [160]=Oop [168]=Oop [208]=Oop [224]=Oop [336]=Oop }
                      ;*monitorenter {reexecute=0 rethrow=0 return_oop=0}
                      ; - org.eclipse.osgi.internal.loader.BundleLoader::findImportedSource@10 (line 1245)
                      ; - org.eclipse.osgi.internal.loader.BundleLoader::findClass0@159 (line 497)
  0x00000289e74882ac: 1d07 e996 | d3ff ff48 

  0x00000289e74882b4: ;   {runtime_call throw_class_cast_exception Runtime1 stub}
  0x00000289e74882b4: 8904 24e8 

  0x00000289e74882b8: ; ImmutableOopMap {[160]=Oop [168]=Oop [208]=Oop [224]=Oop [232]=Oop [336]=Oop }
                      ;*checkcast {reexecute=0 rethrow=0 return_oop=0}
                      ; - org.eclipse.osgi.internal.loader.BundleLoader::findImportedSource@18 (line 1246)
                      ; - org.eclipse.osgi.internal.loader.BundleLoader::findClass0@159 (line 497)
  0x00000289e74882b8: 4485 1d07 | 488d 8424 | 4801 0000 | 4889 0424 

  0x00000289e74882c8: ;   {runtime_call monitorexit_nofpu Runtime1 stub}
  0x00000289e74882c8: e833 a31d | 07e9 57d5 

  0x00000289e74882d0: ;   {runtime_call throw_null_pointer_exception Runtime1 stub}
  0x00000289e74882d0: ffff e829 

  0x00000289e74882d4: ; ImmutableOopMap {rbx=Oop rdx=Oop r9=Oop [160]=Oop [168]=Oop [248]=Oop [256]=Oop }
                      ;*getfield DEBUG_LOADER {reexecute=1 rethrow=0 return_oop=0}
                      ; - (reexecute) org.eclipse.osgi.internal.loader.BundleLoader::findClass0@173 (line 499)
                      ;   {metadata(nullptr)}
  0x00000289e74882d4: 551d 0748 | ba00 0000 | 0000 0000 | 00b8 000f 

  0x00000289e74882e4: ;   {runtime_call load_klass_patching Runtime1 stub}
  0x00000289e74882e4: 050a e895 

  0x00000289e74882e8: ; ImmutableOopMap {[160]=Oop [168]=Oop [248]=Oop [256]=Oop }
                      ;*new {reexecute=1 rethrow=0 return_oop=0}
                      ; - (reexecute) org.eclipse.osgi.internal.loader.BundleLoader::findClass0@186 (line 500)
  0x00000289e74882e8: ad1d 07e9 | b0d5 ffff 

  0x00000289e74882f0: ;   {runtime_call fast_new_instance Runtime1 stub}
  0x00000289e74882f0: 488b d2e8 

  0x00000289e74882f4: ; ImmutableOopMap {[160]=Oop [168]=Oop [248]=Oop [256]=Oop }
                      ;*new {reexecute=0 rethrow=0 return_oop=0}
                      ; - org.eclipse.osgi.internal.loader.BundleLoader::findClass0@186 (line 500)
  0x00000289e74882f4: 085e 1d07 | e9f3 d5ff 

  0x00000289e74882fc: ;   {metadata({method} {0x000002898045dd28} '<init>' '(Ljava/lang/String;)V' in 'java/lang/StringBuilder')}
  0x00000289e74882fc: ff49 ba20 | dd45 8089 | 0200 004c | 8954 2408 | 48c7 0424 | ffff ffff 

  0x00000289e7488314: ;   {runtime_call counter_overflow Runtime1 stub}
  0x00000289e7488314: e867 c41d 

  0x00000289e7488318: ; ImmutableOopMap {rax=Oop [160]=Oop [168]=Oop [248]=Oop [256]=Oop }
                      ;*synchronization entry
                      ; - java.lang.StringBuilder::<init>@-1
                      ; - org.eclipse.osgi.internal.loader.BundleLoader::findClass0@193 (line 500)
  0x00000289e7488318: 07e9 10d6 

  0x00000289e748831c: ;   {metadata({method} {0x000002898045dac0} 'append' '(Ljava/lang/Object;)Ljava/lang/StringBuilder;' in 'java/lang/StringBuilder')}
  0x00000289e748831c: ffff 49ba | b8da 4580 | 8902 0000 | 4c89 5424 | 0848 c704 | 24ff ffff 

  0x00000289e7488334: ;   {runtime_call counter_overflow Runtime1 stub}
  0x00000289e7488334: ffe8 46c4 

  0x00000289e7488338: ; ImmutableOopMap {[160]=Oop [168]=Oop [240]=Oop [248]=Oop [256]=Oop }
                      ;*synchronization entry
                      ; - java.lang.StringBuilder::append@-1
                      ; - org.eclipse.osgi.internal.loader.BundleLoader::findClass0@197 (line 500)
  0x00000289e7488338: 1d07 e96e 

  0x00000289e748833c: ;   {metadata({method} {0x0000028980451248} 'valueOf' '(Ljava/lang/Object;)Ljava/lang/String;' in 'java/lang/String')}
  0x00000289e748833c: d6ff ff49 | ba40 1245 | 8089 0200 | 004c 8954 | 2408 48c7 | 0424 ffff 

  0x00000289e7488354: ;   {runtime_call counter_overflow Runtime1 stub}
  0x00000289e7488354: ffff e825 

  0x00000289e7488358: ; ImmutableOopMap {[160]=Oop [168]=Oop [240]=Oop [248]=Oop [256]=Oop }
                      ;*synchronization entry
                      ; - java.lang.String::valueOf@-1
                      ; - java.lang.StringBuilder::append@2
                      ; - org.eclipse.osgi.internal.loader.BundleLoader::findClass0@197 (line 500)
  0x00000289e7488358: c41d 07e9 | 86d6 ffff 

  0x00000289e7488360: ;   {metadata({method} {0x000002898045da68} 'append' '(Ljava/lang/String;)Ljava/lang/StringBuilder;' in 'java/lang/StringBuilder')}
  0x00000289e7488360: 49ba 60da | 4580 8902 | 0000 4c89 | 5424 0848 | c704 24ff 

  0x00000289e7488374: ;   {runtime_call counter_overflow Runtime1 stub}
  0x00000289e7488374: ffff ffe8 

  0x00000289e7488378: ; ImmutableOopMap {rax=Oop [160]=Oop [168]=Oop [240]=Oop [248]=Oop [256]=Oop }
                      ;*synchronization entry
                      ; - java.lang.StringBuilder::append@-1
                      ; - java.lang.StringBuilder::append@5
                      ; - org.eclipse.osgi.internal.loader.BundleLoader::findClass0@197 (line 500)
  0x00000289e7488378: 04c4 1d07 | e966 d7ff 

  0x00000289e7488380: ;   {metadata({method} {0x000002898045da68} 'append' '(Ljava/lang/String;)Ljava/lang/StringBuilder;' in 'java/lang/StringBuilder')}
  0x00000289e7488380: ff49 ba60 | da45 8089 | 0200 004c | 8954 2408 | 48c7 0424 | ffff ffff 

  0x00000289e7488398: ;   {runtime_call counter_overflow Runtime1 stub}
  0x00000289e7488398: e8e3 c31d 

  0x00000289e748839c: ; ImmutableOopMap {[160]=Oop [168]=Oop [240]=Oop [248]=Oop [256]=Oop }
                      ;*synchronization entry
                      ; - java.lang.StringBuilder::append@-1
                      ; - org.eclipse.osgi.internal.loader.BundleLoader::findClass0@203 (line 500)
  0x00000289e748839c: 07e9 bdd7 

  0x00000289e74883a0: ;   {metadata({method} {0x000002898045dac0} 'append' '(Ljava/lang/Object;)Ljava/lang/StringBuilder;' in 'java/lang/StringBuilder')}
  0x00000289e74883a0: ffff 49ba | b8da 4580 | 8902 0000 | 4c89 5424 | 0848 c704 | 24ff ffff 

  0x00000289e74883b8: ;   {runtime_call counter_overflow Runtime1 stub}
  0x00000289e74883b8: ffe8 c2c3 

  0x00000289e74883bc: ; ImmutableOopMap {[160]=Oop [168]=Oop [240]=Oop [248]=Oop [256]=Oop }
                      ;*synchronization entry
                      ; - java.lang.StringBuilder::append@-1
                      ; - org.eclipse.osgi.internal.loader.BundleLoader::findClass0@208 (line 500)
  0x00000289e74883bc: 1d07 e91a 

  0x00000289e74883c0: ;   {metadata({method} {0x0000028980451248} 'valueOf' '(Ljava/lang/Object;)Ljava/lang/String;' in 'java/lang/String')}
  0x00000289e74883c0: d8ff ff49 | ba40 1245 | 8089 0200 | 004c 8954 | 2408 48c7 | 0424 ffff 

  0x00000289e74883d8: ;   {runtime_call counter_overflow Runtime1 stub}
  0x00000289e74883d8: ffff e8a1 

  0x00000289e74883dc: ; ImmutableOopMap {[160]=Oop [168]=Oop [240]=Oop [248]=Oop [256]=Oop }
                      ;*synchronization entry
                      ; - java.lang.String::valueOf@-1
                      ; - java.lang.StringBuilder::append@2
                      ; - org.eclipse.osgi.internal.loader.BundleLoader::findClass0@208 (line 500)
  0x00000289e74883dc: c31d 07e9 | 32d8 ffff 

  0x00000289e74883e4: ;   {runtime_call throw_null_pointer_exception Runtime1 stub}
  0x00000289e74883e4: e817 541d 

  0x00000289e74883e8: ; ImmutableOopMap {rbx=Oop [160]=Oop [168]=Oop [240]=Oop [248]=Oop [256]=Oop }
                      ;*invokevirtual toString {reexecute=0 rethrow=0 return_oop=0}
                      ; - java.lang.String::valueOf@11
                      ; - java.lang.StringBuilder::append@2
                      ; - org.eclipse.osgi.internal.loader.BundleLoader::findClass0@208 (line 500)
                      ;   {metadata({method} {0x000002898045da68} 'append' '(Ljava/lang/String;)Ljava/lang/StringBuilder;' in 'java/lang/StringBuilder')}
  0x00000289e74883e8: 0749 ba60 | da45 8089 | 0200 004c | 8954 2408 | 48c7 0424 | ffff ffff 

  0x00000289e7488400: ;   {runtime_call counter_overflow Runtime1 stub}
  0x00000289e7488400: e87b c31d 

  0x00000289e7488404: ; ImmutableOopMap {rsi=Oop [160]=Oop [168]=Oop [240]=Oop [248]=Oop [256]=Oop }
                      ;*synchronization entry
                      ; - java.lang.StringBuilder::append@-1
                      ; - java.lang.StringBuilder::append@5
                      ; - org.eclipse.osgi.internal.loader.BundleLoader::findClass0@208 (line 500)
  0x00000289e7488404: 07e9 50d9 

  0x00000289e7488408: ;   {metadata({method} {0x0000028980008910} 'toString' '()Ljava/lang/String;' in 'java/lang/StringBuilder')}
  0x00000289e7488408: ffff 49ba | 0889 0080 | 8902 0000 | 4c89 5424 | 0848 c704 | 24ff ffff 

  0x00000289e7488420: ;   {runtime_call counter_overflow Runtime1 stub}
  0x00000289e7488420: ffe8 5ac3 

  0x00000289e7488424: ; ImmutableOopMap {r8=Oop [160]=Oop [168]=Oop [248]=Oop [256]=Oop }
                      ;*synchronization entry
                      ; - java.lang.StringBuilder::toString@-1
                      ; - org.eclipse.osgi.internal.loader.BundleLoader::findClass0@211 (line 500)
  0x00000289e7488424: 1d07 e9a5 | d9ff ff48 

  0x00000289e748842c: ;   {runtime_call fast_new_instance Runtime1 stub}
  0x00000289e748842c: 8bd2 e8cd 

  0x00000289e7488430: ; ImmutableOopMap {r8=Oop [160]=Oop [168]=Oop [248]=Oop [256]=Oop }
                      ;*new {reexecute=0 rethrow=0 return_oop=0}
                      ; - java.lang.StringBuilder::toString@0
                      ; - org.eclipse.osgi.internal.loader.BundleLoader::findClass0@211 (line 500)
  0x00000289e7488430: 5c1d 07e9 | e8d9 ffff 

  0x00000289e7488438: ;   {metadata({method} {0x0000028980451da0} '<init>' '(Ljava/lang/StringBuilder;)V' in 'java/lang/String')}
  0x00000289e7488438: 49ba 981d | 4580 8902 | 0000 4c89 | 5424 0848 | c704 24ff 

  0x00000289e748844c: ;   {runtime_call counter_overflow Runtime1 stub}
  0x00000289e748844c: ffff ffe8 

  0x00000289e7488450: ; ImmutableOopMap {r8=Oop rax=Oop [160]=Oop [168]=Oop [248]=Oop [256]=Oop }
                      ;*synchronization entry
                      ; - java.lang.String::<init>@-1
                      ; - java.lang.StringBuilder::toString@5
                      ; - org.eclipse.osgi.internal.loader.BundleLoader::findClass0@211 (line 500)
  0x00000289e7488450: 2cc3 1d07 | e903 daff 

  0x00000289e7488458: ;   {metadata({method} {0x00000289c14cf270} 'trace' '(Ljava/lang/String;Ljava/lang/String;)V' in 'org/eclipse/osgi/internal/debug/Debug')}
  0x00000289e7488458: ff49 ba68 | f24c c189 | 0200 004c | 8954 2408 | 48c7 0424 | ffff ffff 

  0x00000289e7488470: ;   {runtime_call counter_overflow Runtime1 stub}
  0x00000289e7488470: e80b c31d 

  0x00000289e7488474: ; ImmutableOopMap {[160]=Oop [168]=Oop [248]=Oop [256]=Oop [264]=Oop }
                      ;*synchronization entry
                      ; - org.eclipse.osgi.internal.debug.Debug::trace@-1 (line 221)
                      ; - org.eclipse.osgi.internal.loader.BundleLoader::findClass0@214 (line 500)
  0x00000289e7488474: 07e9 71da 

  0x00000289e7488478: ;   {runtime_call throw_incompatible_class_change_error Runtime1 stub}
  0x00000289e7488478: ffff e881 

  0x00000289e748847c: ; ImmutableOopMap {rdx=Oop [160]=Oop [168]=Oop [248]=Oop [264]=Oop }
                      ;*invokeinterface getLogger {reexecute=0 rethrow=0 return_oop=0}
                      ; - org.eclipse.osgi.internal.debug.Debug::trace@11 (line 230)
                      ; - org.eclipse.osgi.internal.loader.BundleLoader::findClass0@214 (line 500)
                      ;   {runtime_call throw_null_pointer_exception Runtime1 stub}
  0x00000289e748847c: 891d 07e8 

  0x00000289e7488480: ; ImmutableOopMap {rdx=Oop [160]=Oop [168]=Oop [248]=Oop [264]=Oop }
                      ;*invokeinterface getLogger {reexecute=0 rethrow=0 return_oop=0}
                      ; - org.eclipse.osgi.internal.debug.Debug::trace@11 (line 230)
                      ; - org.eclipse.osgi.internal.loader.BundleLoader::findClass0@214 (line 500)
  0x00000289e7488480: 7c53 1d07 

  0x00000289e7488484: ;   {metadata({method} {0x00000289c14f62b0} 'getLogger' '(Ljava/lang/String;)Lorg/osgi/service/log/Logger;' in 'org/eclipse/osgi/internal/log/ExtendedLogServiceImpl')}
  0x00000289e7488484: 49ba a862 | 4fc1 8902 | 0000 4c89 | 5424 0848 | c704 24ff 

  0x00000289e7488498: ;   {runtime_call counter_overflow Runtime1 stub}
  0x00000289e7488498: ffff ffe8 

  0x00000289e748849c: ; ImmutableOopMap {rdx=Oop [160]=Oop [168]=Oop [248]=Oop [264]=Oop }
                      ;*synchronization entry
                      ; - org.eclipse.osgi.internal.log.ExtendedLogServiceImpl::getLogger@-1 (line 1)
                      ; - org.eclipse.osgi.internal.debug.Debug::trace@11 (line 230)
                      ; - org.eclipse.osgi.internal.loader.BundleLoader::findClass0@214 (line 500)
  0x00000289e748849c: e0c2 1d07 | e90b dbff 

  0x00000289e74884a4: ;   {metadata({method} {0x00000289c14f3b38} 'getLogger' '(Ljava/lang/String;)Lorg/eclipse/equinox/log/Logger;' in 'org/eclipse/osgi/internal/log/ExtendedLogServiceImpl')}
  0x00000289e74884a4: ff49 ba30 | 3b4f c189 | 0200 004c | 8954 2408 | 48c7 0424 | ffff ffff 

  0x00000289e74884bc: ;   {runtime_call counter_overflow Runtime1 stub}
  0x00000289e74884bc: e8bf c21d 

  0x00000289e74884c0: ; ImmutableOopMap {rdx=Oop [160]=Oop [168]=Oop [248]=Oop [264]=Oop }
                      ;*synchronization entry
                      ; - org.eclipse.osgi.internal.log.ExtendedLogServiceImpl::getLogger@-1 (line 73)
                      ; - org.eclipse.osgi.internal.log.ExtendedLogServiceImpl::getLogger@2 (line 1)
                      ; - org.eclipse.osgi.internal.debug.Debug::trace@11 (line 230)
                      ; - org.eclipse.osgi.internal.loader.BundleLoader::findClass0@214 (line 500)
  0x00000289e74884c0: 07e9 3cdb | ffff 4889 

  0x00000289e74884c8: ;   {runtime_call throw_class_cast_exception Runtime1 stub}
  0x00000289e74884c8: 0424 e831 

  0x00000289e74884cc: ; ImmutableOopMap {[160]=Oop [168]=Oop [248]=Oop [264]=Oop }
                      ;*checkcast {reexecute=0 rethrow=0 return_oop=0}
                      ; - org.eclipse.osgi.internal.log.ExtendedLogServiceImpl::getLogger@7 (line 73)
                      ; - org.eclipse.osgi.internal.log.ExtendedLogServiceImpl::getLogger@2 (line 1)
                      ; - org.eclipse.osgi.internal.debug.Debug::trace@11 (line 230)
                      ; - org.eclipse.osgi.internal.loader.BundleLoader::findClass0@214 (line 500)
                      ;   {runtime_call throw_null_pointer_exception Runtime1 stub}
  0x00000289e74884cc: 831d 07e8 

  0x00000289e74884d0: ; ImmutableOopMap {rdx=Oop [160]=Oop [168]=Oop [248]=Oop [264]=Oop }
                      ;*invokeinterface trace {reexecute=0 rethrow=0 return_oop=0}
                      ; - org.eclipse.osgi.internal.debug.Debug::trace@17 (line 230)
                      ; - org.eclipse.osgi.internal.loader.BundleLoader::findClass0@214 (line 500)
  0x00000289e74884d0: 2c53 1d07 

  0x00000289e74884d4: ;   {runtime_call throw_null_pointer_exception Runtime1 stub}
  0x00000289e74884d4: e827 531d 

  0x00000289e74884d8: ; ImmutableOopMap {rax=Oop rdx=Oop [160]=Oop [168]=Oop [248]=Oop }
                      ;*invokevirtual println {reexecute=0 rethrow=0 return_oop=0}
                      ; - org.eclipse.osgi.internal.debug.Debug::trace@29 (line 232)
                      ; - org.eclipse.osgi.internal.loader.BundleLoader::findClass0@214 (line 500)
                      ;   {runtime_call throw_null_pointer_exception Runtime1 stub}
  0x00000289e74884d8: 07e8 2253 

  0x00000289e74884dc: ; ImmutableOopMap {rbx=Oop [160]=Oop [168]=Oop [248]=Oop }
                      ;*invokevirtual loadClass {reexecute=0 rethrow=0 return_oop=0}
                      ; - org.eclipse.osgi.internal.loader.BundleLoader::findClass0@220 (line 503)
                      ;   {runtime_call throw_null_pointer_exception Runtime1 stub}
  0x00000289e74884dc: 1d07 e81d 

  0x00000289e74884e0: ; ImmutableOopMap {rax=Oop [160]=Oop [168]=Oop }
                      ;*invokevirtual publicFindLoaded {reexecute=0 rethrow=0 return_oop=0}
                      ; - org.eclipse.osgi.internal.loader.BundleLoader::findClass0@235 (line 507)
                      ;   {metadata({method} {0x00000289c161c600} 'publicFindLoaded' '(Ljava/lang/String;)Ljava/lang/Class;' in 'org/eclipse/osgi/internal/loader/ModuleClassLoader')}
  0x00000289e74884e0: 531d 0749 | baf8 c561 | c189 0200 | 004c 8954 | 2408 48c7 | 0424 ffff 

  0x00000289e74884f8: ;   {runtime_call counter_overflow Runtime1 stub}
  0x00000289e74884f8: ffff e881 

  0x00000289e74884fc: ; ImmutableOopMap {rax=Oop [160]=Oop [168]=Oop }
                      ;*synchronization entry
                      ; - org.eclipse.osgi.internal.loader.ModuleClassLoader::publicFindLoaded@-1 (line 323)
                      ; - org.eclipse.osgi.internal.loader.BundleLoader::findClass0@235 (line 507)
  0x00000289e74884fc: c21d 07e9 | e0df ffff 

  0x00000289e7488504: ;   {metadata({method} {0x00000289c161d338} 'getClassLoadingLock' '(Ljava/lang/String;)Ljava/lang/Object;' in 'org/eclipse/osgi/internal/loader/ModuleClassLoader')}
  0x00000289e7488504: 49ba 30d3 | 61c1 8902 | 0000 4c89 | 5424 0848 | c704 24ff 

  0x00000289e7488518: ;   {runtime_call counter_overflow Runtime1 stub}
  0x00000289e7488518: ffff ffe8 

  0x00000289e748851c: ; ImmutableOopMap {rax=Oop [160]=Oop [168]=Oop }
                      ;*synchronization entry
                      ; - org.eclipse.osgi.internal.loader.ModuleClassLoader::getClassLoadingLock@-1 (line 437)
                      ; - org.eclipse.osgi.internal.loader.ModuleClassLoader::publicFindLoaded@2 (line 323)
                      ; - org.eclipse.osgi.internal.loader.BundleLoader::findClass0@235 (line 507)
  0x00000289e748851c: 60c2 1d07 | e97c e0ff 

  0x00000289e7488524: ;   {runtime_call throw_null_pointer_exception Runtime1 stub}
  0x00000289e7488524: ffe8 d652 

  0x00000289e7488528: ; ImmutableOopMap {rax=Oop rdx=Oop [160]=Oop [168]=Oop }
                      ;*invokevirtual getLock {reexecute=0 rethrow=0 return_oop=0}
                      ; - org.eclipse.osgi.internal.loader.ModuleClassLoader::getClassLoadingLock@5 (line 437)
                      ; - org.eclipse.osgi.internal.loader.ModuleClassLoader::publicFindLoaded@2 (line 323)
                      ; - org.eclipse.osgi.internal.loader.BundleLoader::findClass0@235 (line 507)
                      ;   {runtime_call throw_null_pointer_exception Runtime1 stub}
  0x00000289e7488528: 1d07 e8d1 

  0x00000289e748852c: ; ImmutableOopMap {rsi=Oop [160]=Oop [168]=Oop [272]=Oop [280]=Oop }
                      ;*monitorenter {reexecute=0 rethrow=0 return_oop=0}
                      ; - org.eclipse.osgi.internal.loader.ModuleClassLoader::publicFindLoaded@7 (line 323)
                      ; - org.eclipse.osgi.internal.loader.BundleLoader::findClass0@235 (line 507)
  0x00000289e748852c: 521d 0748 | 8974 2408 | 4889 1424 

  0x00000289e7488538: ;   {runtime_call monitorenter_nofpu Runtime1 stub}
  0x00000289e7488538: e8c3 9a1d 

  0x00000289e748853c: ; ImmutableOopMap {rsi=Oop [160]=Oop [168]=Oop [272]=Oop [280]=Oop [336]=Oop }
                      ;*monitorenter {reexecute=0 rethrow=0 return_oop=0}
                      ; - org.eclipse.osgi.internal.loader.ModuleClassLoader::publicFindLoaded@7 (line 323)
                      ; - org.eclipse.osgi.internal.loader.BundleLoader::findClass0@235 (line 507)
  0x00000289e748853c: 07e9 dfe0 

  0x00000289e7488540: ;   {metadata({method} {0x0000028980431478} 'findLoadedClass' '(Ljava/lang/String;)Ljava/lang/Class;' in 'java/lang/ClassLoader')}
  0x00000289e7488540: ffff 49ba | 7014 4380 | 8902 0000 | 4c89 5424 | 0848 c704 | 24ff ffff 

  0x00000289e7488558: ;   {runtime_call counter_overflow Runtime1 stub}
  0x00000289e7488558: ffe8 22c2 

  0x00000289e748855c: ; ImmutableOopMap {[160]=Oop [168]=Oop [272]=Oop [280]=Oop [336]=Oop }
                      ;*synchronization entry
                      ; - java.lang.ClassLoader::findLoadedClass@-1
                      ; - org.eclipse.osgi.internal.loader.ModuleClassLoader::publicFindLoaded@10 (line 324)
                      ; - org.eclipse.osgi.internal.loader.BundleLoader::findClass0@235 (line 507)
  0x00000289e748855c: 1d07 e9ff | e0ff ff48 | 8d84 2448 | 0100 0048 

  0x00000289e748856c: ;   {runtime_call monitorexit_nofpu Runtime1 stub}
  0x00000289e748856c: 8904 24e8 | 8ca0 1d07 | e9b8 e1ff 

  0x00000289e7488578: ;   {internal_word}
  0x00000289e7488578: ff49 ba6b | 6748 e789 | 0200 004d | 8997 6004 

  0x00000289e7488588: ;   {runtime_call SafepointBlob}
  0x00000289e7488588: 0000 e971 

  0x00000289e748858c: ;   {runtime_call throw_null_pointer_exception Runtime1 stub}
  0x00000289e748858c: c512 07e8 

  0x00000289e7488590: ; ImmutableOopMap {rax=Oop rdx=Oop rbx=Oop [160]=Oop [168]=Oop [208]=Oop [296]=Oop [304]=Oop }
                      ;*getfield DEBUG_LOADER {reexecute=1 rethrow=0 return_oop=0}
                      ; - (reexecute) org.eclipse.osgi.internal.loader.BundleLoader::findClass0@273 (line 516)
  0x00000289e7488590: 6c52 1d07 

  0x00000289e7488594: ;   {metadata(nullptr)}
  0x00000289e7488594: 48ba 0000 | 0000 0000 | 0000 b800 

  0x00000289e74885a0: ;   {runtime_call load_klass_patching Runtime1 stub}
  0x00000289e74885a0: 0f05 0ae8 

  0x00000289e74885a4: ; ImmutableOopMap {[160]=Oop [168]=Oop [208]=Oop [296]=Oop [304]=Oop }
                      ;*new {reexecute=1 rethrow=0 return_oop=0}
                      ; - (reexecute) org.eclipse.osgi.internal.loader.BundleLoader::findClass0@286 (line 518)
  0x00000289e74885a4: d8aa 1d07 | e993 e2ff | ff48 8bd2 

  0x00000289e74885b0: ;   {runtime_call fast_new_instance Runtime1 stub}
  0x00000289e74885b0: e84b 5b1d 

  0x00000289e74885b4: ; ImmutableOopMap {[160]=Oop [168]=Oop [208]=Oop [296]=Oop [304]=Oop }
                      ;*new {reexecute=0 rethrow=0 return_oop=0}
                      ; - org.eclipse.osgi.internal.loader.BundleLoader::findClass0@286 (line 518)
  0x00000289e74885b4: 07e9 d6e2 

  0x00000289e74885b8: ;   {metadata({method} {0x000002898045dd28} '<init>' '(Ljava/lang/String;)V' in 'java/lang/StringBuilder')}
  0x00000289e74885b8: ffff 49ba | 20dd 4580 | 8902 0000 | 4c89 5424 | 0848 c704 | 24ff ffff 

  0x00000289e74885d0: ;   {runtime_call counter_overflow Runtime1 stub}
  0x00000289e74885d0: ffe8 aac1 

  0x00000289e74885d4: ; ImmutableOopMap {rax=Oop [160]=Oop [168]=Oop [208]=Oop [296]=Oop [304]=Oop }
                      ;*synchronization entry
                      ; - java.lang.StringBuilder::<init>@-1
                      ; - org.eclipse.osgi.internal.loader.BundleLoader::findClass0@293 (line 518)
  0x00000289e74885d4: 1d07 e9f3 

  0x00000289e74885d8: ;   {metadata({method} {0x000002898045dac0} 'append' '(Ljava/lang/Object;)Ljava/lang/StringBuilder;' in 'java/lang/StringBuilder')}
  0x00000289e74885d8: e2ff ff49 | bab8 da45 | 8089 0200 | 004c 8954 | 2408 48c7 | 0424 ffff 

  0x00000289e74885f0: ;   {runtime_call counter_overflow Runtime1 stub}
  0x00000289e74885f0: ffff e889 

  0x00000289e74885f4: ; ImmutableOopMap {[160]=Oop [168]=Oop [208]=Oop [288]=Oop [296]=Oop [304]=Oop }
                      ;*synchronization entry
                      ; - java.lang.StringBuilder::append@-1
                      ; - org.eclipse.osgi.internal.loader.BundleLoader::findClass0@297 (line 518)
  0x00000289e74885f4: c11d 07e9 | 51e3 ffff 

  0x00000289e74885fc: ;   {metadata({method} {0x0000028980451248} 'valueOf' '(Ljava/lang/Object;)Ljava/lang/String;' in 'java/lang/String')}
  0x00000289e74885fc: 49ba 4012 | 4580 8902 | 0000 4c89 | 5424 0848 | c704 24ff 

  0x00000289e7488610: ;   {runtime_call counter_overflow Runtime1 stub}
  0x00000289e7488610: ffff ffe8 

  0x00000289e7488614: ; ImmutableOopMap {[160]=Oop [168]=Oop [208]=Oop [288]=Oop [296]=Oop [304]=Oop }
                      ;*synchronization entry
                      ; - java.lang.String::valueOf@-1
                      ; - java.lang.StringBuilder::append@2
                      ; - org.eclipse.osgi.internal.loader.BundleLoader::findClass0@297 (line 518)
  0x00000289e7488614: 68c1 1d07 | e969 e3ff 

  0x00000289e748861c: ;   {metadata({method} {0x000002898045da68} 'append' '(Ljava/lang/String;)Ljava/lang/StringBuilder;' in 'java/lang/StringBuilder')}
  0x00000289e748861c: ff49 ba60 | da45 8089 | 0200 004c | 8954 2408 | 48c7 0424 | ffff ffff 

  0x00000289e7488634: ;   {runtime_call counter_overflow Runtime1 stub}
  0x00000289e7488634: e847 c11d 

  0x00000289e7488638: ; ImmutableOopMap {rax=Oop [160]=Oop [168]=Oop [208]=Oop [288]=Oop [296]=Oop [304]=Oop }
                      ;*synchronization entry
                      ; - java.lang.StringBuilder::append@-1
                      ; - java.lang.StringBuilder::append@5
                      ; - org.eclipse.osgi.internal.loader.BundleLoader::findClass0@297 (line 518)
  0x00000289e7488638: 07e9 49e4 

  0x00000289e748863c: ;   {metadata({method} {0x000002898045da68} 'append' '(Ljava/lang/String;)Ljava/lang/StringBuilder;' in 'java/lang/StringBuilder')}
  0x00000289e748863c: ffff 49ba | 60da 4580 | 8902 0000 | 4c89 5424 | 0848 c704 | 24ff ffff 

  0x00000289e7488654: ;   {runtime_call counter_overflow Runtime1 stub}
  0x00000289e7488654: ffe8 26c1 

  0x00000289e7488658: ; ImmutableOopMap {[160]=Oop [168]=Oop [208]=Oop [288]=Oop [296]=Oop [304]=Oop }
                      ;*synchronization entry
                      ; - java.lang.StringBuilder::append@-1
                      ; - org.eclipse.osgi.internal.loader.BundleLoader::findClass0@303 (line 518)
  0x00000289e7488658: 1d07 e9a0 

  0x00000289e748865c: ;   {metadata({method} {0x000002898045dac0} 'append' '(Ljava/lang/Object;)Ljava/lang/StringBuilder;' in 'java/lang/StringBuilder')}
  0x00000289e748865c: e4ff ff49 | bab8 da45 | 8089 0200 | 004c 8954 | 2408 48c7 | 0424 ffff 

  0x00000289e7488674: ;   {runtime_call counter_overflow Runtime1 stub}
  0x00000289e7488674: ffff e805 

  0x00000289e7488678: ; ImmutableOopMap {[160]=Oop [168]=Oop [208]=Oop [288]=Oop [296]=Oop [304]=Oop }
                      ;*synchronization entry
                      ; - java.lang.StringBuilder::append@-1
                      ; - org.eclipse.osgi.internal.loader.BundleLoader::findClass0@308 (line 518)
  0x00000289e7488678: c11d 07e9 | fde4 ffff 

  0x00000289e7488680: ;   {metadata({method} {0x0000028980451248} 'valueOf' '(Ljava/lang/Object;)Ljava/lang/String;' in 'java/lang/String')}
  0x00000289e7488680: 49ba 4012 | 4580 8902 | 0000 4c89 | 5424 0848 | c704 24ff 

  0x00000289e7488694: ;   {runtime_call counter_overflow Runtime1 stub}
  0x00000289e7488694: ffff ffe8 

  0x00000289e7488698: ; ImmutableOopMap {[160]=Oop [168]=Oop [208]=Oop [288]=Oop [296]=Oop [304]=Oop }
                      ;*synchronization entry
                      ; - java.lang.String::valueOf@-1
                      ; - java.lang.StringBuilder::append@2
                      ; - org.eclipse.osgi.internal.loader.BundleLoader::findClass0@308 (line 518)
  0x00000289e7488698: e4c0 1d07 | e915 e5ff 

  0x00000289e74886a0: ;   {runtime_call throw_null_pointer_exception Runtime1 stub}
  0x00000289e74886a0: ffe8 5a51 

  0x00000289e74886a4: ; ImmutableOopMap {rax=Oop [160]=Oop [168]=Oop [208]=Oop [288]=Oop [296]=Oop [304]=Oop }
                      ;*invokevirtual toString {reexecute=0 rethrow=0 return_oop=0}
                      ; - java.lang.String::valueOf@11
                      ; - java.lang.StringBuilder::append@2
                      ; - org.eclipse.osgi.internal.loader.BundleLoader::findClass0@308 (line 518)
                      ;   {metadata({method} {0x000002898045da68} 'append' '(Ljava/lang/String;)Ljava/lang/StringBuilder;' in 'java/lang/StringBuilder')}
  0x00000289e74886a4: 1d07 49ba | 60da 4580 | 8902 0000 | 4c89 5424 | 0848 c704 | 24ff ffff 

  0x00000289e74886bc: ;   {runtime_call counter_overflow Runtime1 stub}
  0x00000289e74886bc: ffe8 bec0 

  0x00000289e74886c0: ; ImmutableOopMap {rsi=Oop [160]=Oop [168]=Oop [208]=Oop [288]=Oop [296]=Oop [304]=Oop }
                      ;*synchronization entry
                      ; - java.lang.StringBuilder::append@-1
                      ; - java.lang.StringBuilder::append@5
                      ; - org.eclipse.osgi.internal.loader.BundleLoader::findClass0@308 (line 518)
  0x00000289e74886c0: 1d07 e933 

  0x00000289e74886c4: ;   {metadata({method} {0x0000028980008910} 'toString' '()Ljava/lang/String;' in 'java/lang/StringBuilder')}
  0x00000289e74886c4: e6ff ff49 | ba08 8900 | 8089 0200 | 004c 8954 | 2408 48c7 | 0424 ffff 

  0x00000289e74886dc: ;   {runtime_call counter_overflow Runtime1 stub}
  0x00000289e74886dc: ffff e89d 

  0x00000289e74886e0: ; ImmutableOopMap {r8=Oop [160]=Oop [168]=Oop [208]=Oop [296]=Oop [304]=Oop }
                      ;*synchronization entry
                      ; - java.lang.StringBuilder::toString@-1
                      ; - org.eclipse.osgi.internal.loader.BundleLoader::findClass0@311 (line 518)
  0x00000289e74886e0: c01d 07e9 | 88e6 ffff 

  0x00000289e74886e8: ;   {runtime_call fast_new_instance Runtime1 stub}
  0x00000289e74886e8: 488b d2e8 

  0x00000289e74886ec: ; ImmutableOopMap {r8=Oop [160]=Oop [168]=Oop [208]=Oop [296]=Oop [304]=Oop }
                      ;*new {reexecute=0 rethrow=0 return_oop=0}
                      ; - java.lang.StringBuilder::toString@0
                      ; - org.eclipse.osgi.internal.loader.BundleLoader::findClass0@311 (line 518)
  0x00000289e74886ec: 105a 1d07 | e9cb e6ff 

  0x00000289e74886f4: ;   {metadata({method} {0x0000028980451da0} '<init>' '(Ljava/lang/StringBuilder;)V' in 'java/lang/String')}
  0x00000289e74886f4: ff49 ba98 | 1d45 8089 | 0200 004c | 8954 2408 | 48c7 0424 | ffff ffff 

  0x00000289e748870c: ;   {runtime_call counter_overflow Runtime1 stub}
  0x00000289e748870c: e86f c01d 

  0x00000289e7488710: ; ImmutableOopMap {r8=Oop rax=Oop [160]=Oop [168]=Oop [208]=Oop [296]=Oop [304]=Oop }
                      ;*synchronization entry
                      ; - java.lang.String::<init>@-1
                      ; - java.lang.StringBuilder::toString@5
                      ; - org.eclipse.osgi.internal.loader.BundleLoader::findClass0@311 (line 518)
  0x00000289e7488710: 07e9 e8e6 

  0x00000289e7488714: ;   {metadata({method} {0x00000289c14cf270} 'trace' '(Ljava/lang/String;Ljava/lang/String;)V' in 'org/eclipse/osgi/internal/debug/Debug')}
  0x00000289e7488714: ffff 49ba | 68f2 4cc1 | 8902 0000 | 4c89 5424 | 0848 c704 | 24ff ffff 

  0x00000289e748872c: ;   {runtime_call counter_overflow Runtime1 stub}
  0x00000289e748872c: ffe8 4ec0 

  0x00000289e7488730: ; ImmutableOopMap {[160]=Oop [168]=Oop [208]=Oop [296]=Oop [304]=Oop [312]=Oop }
                      ;*synchronization entry
                      ; - org.eclipse.osgi.internal.debug.Debug::trace@-1 (line 221)
                      ; - org.eclipse.osgi.internal.loader.BundleLoader::findClass0@314 (line 517)
  0x00000289e7488730: 1d07 e95c 

  0x00000289e7488734: ;   {runtime_call throw_incompatible_class_change_error Runtime1 stub}
  0x00000289e7488734: e7ff ffe8 

  0x00000289e7488738: ; ImmutableOopMap {rdx=Oop [160]=Oop [168]=Oop [208]=Oop [296]=Oop [312]=Oop }
                      ;*invokeinterface getLogger {reexecute=0 rethrow=0 return_oop=0}
                      ; - org.eclipse.osgi.internal.debug.Debug::trace@11 (line 230)
                      ; - org.eclipse.osgi.internal.loader.BundleLoader::findClass0@314 (line 517)
  0x00000289e7488738: c486 1d07 

  0x00000289e748873c: ;   {runtime_call throw_null_pointer_exception Runtime1 stub}
  0x00000289e748873c: e8bf 501d 

  0x00000289e7488740: ; ImmutableOopMap {rdx=Oop [160]=Oop [168]=Oop [208]=Oop [296]=Oop [312]=Oop }
                      ;*invokeinterface getLogger {reexecute=0 rethrow=0 return_oop=0}
                      ; - org.eclipse.osgi.internal.debug.Debug::trace@11 (line 230)
                      ; - org.eclipse.osgi.internal.loader.BundleLoader::findClass0@314 (line 517)
                      ;   {metadata({method} {0x00000289c14f62b0} 'getLogger' '(Ljava/lang/String;)Lorg/osgi/service/log/Logger;' in 'org/eclipse/osgi/internal/log/ExtendedLogServiceImpl')}
  0x00000289e7488740: 0749 baa8 | 624f c189 | 0200 004c | 8954 2408 | 48c7 0424 | ffff ffff 

  0x00000289e7488758: ;   {runtime_call counter_overflow Runtime1 stub}
  0x00000289e7488758: e823 c01d 

  0x00000289e748875c: ; ImmutableOopMap {rdx=Oop [160]=Oop [168]=Oop [208]=Oop [296]=Oop [312]=Oop }
                      ;*synchronization entry
                      ; - org.eclipse.osgi.internal.log.ExtendedLogServiceImpl::getLogger@-1 (line 1)
                      ; - org.eclipse.osgi.internal.debug.Debug::trace@11 (line 230)
                      ; - org.eclipse.osgi.internal.loader.BundleLoader::findClass0@314 (line 517)
  0x00000289e748875c: 07e9 f5e7 

  0x00000289e7488760: ;   {metadata({method} {0x00000289c14f3b38} 'getLogger' '(Ljava/lang/String;)Lorg/eclipse/equinox/log/Logger;' in 'org/eclipse/osgi/internal/log/ExtendedLogServiceImpl')}
  0x00000289e7488760: ffff 49ba | 303b 4fc1 | 8902 0000 | 4c89 5424 | 0848 c704 | 24ff ffff 

  0x00000289e7488778: ;   {runtime_call counter_overflow Runtime1 stub}
  0x00000289e7488778: ffe8 02c0 

  0x00000289e748877c: ; ImmutableOopMap {rdx=Oop [160]=Oop [168]=Oop [208]=Oop [296]=Oop [312]=Oop }
                      ;*synchronization entry
                      ; - org.eclipse.osgi.internal.log.ExtendedLogServiceImpl::getLogger@-1 (line 73)
                      ; - org.eclipse.osgi.internal.log.ExtendedLogServiceImpl::getLogger@2 (line 1)
                      ; - org.eclipse.osgi.internal.debug.Debug::trace@11 (line 230)
                      ; - org.eclipse.osgi.internal.loader.BundleLoader::findClass0@314 (line 517)
  0x00000289e748877c: 1d07 e926 | e8ff ff48 

  0x00000289e7488784: ;   {runtime_call throw_class_cast_exception Runtime1 stub}
  0x00000289e7488784: 8904 24e8 

  0x00000289e7488788: ; ImmutableOopMap {[160]=Oop [168]=Oop [208]=Oop [296]=Oop [312]=Oop }
                      ;*checkcast {reexecute=0 rethrow=0 return_oop=0}
                      ; - org.eclipse.osgi.internal.log.ExtendedLogServiceImpl::getLogger@7 (line 73)
                      ; - org.eclipse.osgi.internal.log.ExtendedLogServiceImpl::getLogger@2 (line 1)
                      ; - org.eclipse.osgi.internal.debug.Debug::trace@11 (line 230)
                      ; - org.eclipse.osgi.internal.loader.BundleLoader::findClass0@314 (line 517)
  0x00000289e7488788: 7480 1d07 

  0x00000289e748878c: ;   {runtime_call throw_null_pointer_exception Runtime1 stub}
  0x00000289e748878c: e86f 501d 

  0x00000289e7488790: ; ImmutableOopMap {rdx=Oop [160]=Oop [168]=Oop [208]=Oop [296]=Oop [312]=Oop }
                      ;*invokeinterface trace {reexecute=0 rethrow=0 return_oop=0}
                      ; - org.eclipse.osgi.internal.debug.Debug::trace@17 (line 230)
                      ; - org.eclipse.osgi.internal.loader.BundleLoader::findClass0@314 (line 517)
                      ;   {runtime_call throw_null_pointer_exception Runtime1 stub}
  0x00000289e7488790: 07e8 6a50 

  0x00000289e7488794: ; ImmutableOopMap {rax=Oop rdx=Oop [160]=Oop [168]=Oop [208]=Oop [296]=Oop }
                      ;*invokevirtual println {reexecute=0 rethrow=0 return_oop=0}
                      ; - org.eclipse.osgi.internal.debug.Debug::trace@29 (line 232)
                      ; - org.eclipse.osgi.internal.loader.BundleLoader::findClass0@314 (line 517)
                      ;   {runtime_call throw_null_pointer_exception Runtime1 stub}
  0x00000289e7488794: 1d07 e865 

  0x00000289e7488798: ; ImmutableOopMap {rax=Oop [160]=Oop [168]=Oop [208]=Oop [296]=Oop }
                      ;*invokevirtual loadClass {reexecute=0 rethrow=0 return_oop=0}
                      ; - org.eclipse.osgi.internal.loader.BundleLoader::findClass0@320 (line 521)
  0x00000289e7488798: 501d 0748 

  0x00000289e748879c: ;   {runtime_call throw_class_cast_exception Runtime1 stub}
  0x00000289e748879c: 8904 24e8 

  0x00000289e74887a0: ; ImmutableOopMap {[160]=Oop [168]=Oop [320]=Oop }
                      ;*checkcast {reexecute=0 rethrow=0 return_oop=0}
                      ; - org.eclipse.osgi.internal.loader.BundleLoader::findClass0@397 (line 542)
  0x00000289e74887a0: 5c80 1d07 

  0x00000289e74887a4: ;   {runtime_call throw_null_pointer_exception Runtime1 stub}
  0x00000289e74887a4: e857 501d 

  0x00000289e74887a8: ; ImmutableOopMap {rax=Oop [160]=Oop [168]=Oop }
                      ;*invokevirtual loadClass {reexecute=0 rethrow=0 return_oop=0}
                      ; - org.eclipse.osgi.internal.loader.BundleLoader::findClass0@366 (line 533)
                      ;   {internal_word}
  0x00000289e74887a8: 0749 ba33 | 7748 e789 | 0200 004d | 8997 6004 

  0x00000289e74887b8: ;   {runtime_call SafepointBlob}
  0x00000289e74887b8: 0000 e941 

  0x00000289e74887bc: ;   {runtime_call throw_null_pointer_exception Runtime1 stub}
  0x00000289e74887bc: c312 07e8 

  0x00000289e74887c0: ; ImmutableOopMap {rdx=Oop rsi=Oop [160]=Oop [168]=Oop }
                      ;*invokevirtual getConfiguration {reexecute=0 rethrow=0 return_oop=0}
                      ; - org.eclipse.osgi.internal.loader.BundleLoader::findClass0@457 (line 554)
  0x00000289e74887c0: 3c50 1d07 

  0x00000289e74887c4: ;   {runtime_call throw_null_pointer_exception Runtime1 stub}
  0x00000289e74887c4: e837 501d 

  0x00000289e74887c8: ; ImmutableOopMap {rdx=Oop [160]=Oop [168]=Oop }
                      ;*getfield compatibilityBootDelegation {reexecute=1 rethrow=0 return_oop=0}
                      ; - (reexecute) org.eclipse.osgi.internal.loader.BundleLoader::findClass0@460 (line 554)
                      ;   {runtime_call throw_null_pointer_exception Runtime1 stub}
  0x00000289e74887c8: 07e8 3250 

  0x00000289e74887cc: ; ImmutableOopMap {rdx=Oop rsi=Oop [160]=Oop [168]=Oop }
                      ;*invokevirtual loadClass {reexecute=0 rethrow=0 return_oop=0}
                      ; - org.eclipse.osgi.internal.loader.BundleLoader::findClass0@478 (line 557)
                      ;   {metadata({method} {0x00000289800140e8} 'loadClass' '(Ljava/lang/String;)Ljava/lang/Class;' in 'java/lang/ClassLoader')}
  0x00000289e74887cc: 1d07 49ba | e040 0180 | 8902 0000 | 4c89 5424 | 0848 c704 | 24ff ffff 

  0x00000289e74887e4: ;   {runtime_call counter_overflow Runtime1 stub}
  0x00000289e74887e4: ffe8 96bf 

  0x00000289e74887e8: ; ImmutableOopMap {rdx=Oop rsi=Oop [160]=Oop [168]=Oop }
                      ;*synchronization entry
                      ; - java.lang.ClassLoader::loadClass@-1
                      ; - org.eclipse.osgi.internal.loader.BundleLoader::findClass0@478 (line 557)
  0x00000289e74887e8: 1d07 e9ca 

  0x00000289e74887ec: ;   {internal_word}
  0x00000289e74887ec: f2ff ff49 | ba84 7b48 | e789 0200 | 004d 8997 | 6004 0000 

  0x00000289e7488800: ;   {runtime_call SafepointBlob}
  0x00000289e7488800: e9fb c212 

  0x00000289e7488804: ;   {internal_word}
  0x00000289e7488804: 0749 ba9d | 7b48 e789 | 0200 004d | 8997 6004 

  0x00000289e7488814: ;   {runtime_call SafepointBlob}
  0x00000289e7488814: 0000 e9e5 

  0x00000289e7488818: ;   {internal_word}
  0x00000289e7488818: c212 0749 | bab3 7b48 | e789 0200 | 004d 8997 | 6004 0000 

  0x00000289e748882c: ;   {runtime_call SafepointBlob}
  0x00000289e748882c: e9cf c212 

  0x00000289e7488830: ;   {internal_word}
  0x00000289e7488830: 0749 ba0c | 7c48 e789 | 0200 004d | 8997 6004 

  0x00000289e7488840: ;   {runtime_call SafepointBlob}
  0x00000289e7488840: 0000 e9b9 

  0x00000289e7488844: ;   {internal_word}
  0x00000289e7488844: c212 0749 | ba25 7c48 | e789 0200 | 004d 8997 | 6004 0000 

  0x00000289e7488858: ;   {runtime_call SafepointBlob}
  0x00000289e7488858: e9a3 c212 

  0x00000289e748885c: ;   {internal_word}
  0x00000289e748885c: 0749 ba3b | 7c48 e789 | 0200 004d | 8997 6004 

  0x00000289e748886c: ;   {runtime_call SafepointBlob}
  0x00000289e748886c: 0000 e98d 

  0x00000289e7488870: ;   {internal_word}
  0x00000289e7488870: c212 0749 | ba94 7c48 | e789 0200 | 004d 8997 | 6004 0000 

  0x00000289e7488884: ;   {runtime_call SafepointBlob}
  0x00000289e7488884: e977 c212 

  0x00000289e7488888: ;   {internal_word}
  0x00000289e7488888: 0749 baaa | 7c48 e789 | 0200 004d | 8997 6004 

  0x00000289e7488898: ;   {runtime_call SafepointBlob}
  0x00000289e7488898: 0000 e961 

  0x00000289e748889c: ;   {internal_word}
  0x00000289e748889c: c212 0749 | bac0 7c48 | e789 0200 | 004d 8997 | 6004 0000 

  0x00000289e74888b0: ;   {runtime_call SafepointBlob}
  0x00000289e74888b0: e94b c212 

  0x00000289e74888b4: ;   {runtime_call throw_null_pointer_exception Runtime1 stub}
  0x00000289e74888b4: 07e8 464f 

  0x00000289e74888b8: ; ImmutableOopMap {rdx=Oop [168]=Oop }
                      ;*invokevirtual loadClass {reexecute=0 rethrow=0 return_oop=0}
                      ; - org.eclipse.osgi.internal.loader.BundleLoader::findClass0@25 (line 469)
                      ;   {metadata({method} {0x00000289800140e8} 'loadClass' '(Ljava/lang/String;)Ljava/lang/Class;' in 'java/lang/ClassLoader')}
  0x00000289e74888b8: 1d07 49ba | e040 0180 | 8902 0000 | 4c89 5424 | 0848 c704 | 24ff ffff 

  0x00000289e74888d0: ;   {runtime_call counter_overflow Runtime1 stub}
  0x00000289e74888d0: ffe8 aabe 

  0x00000289e74888d4: ; ImmutableOopMap {rdx=Oop [168]=Oop }
                      ;*synchronization entry
                      ; - java.lang.ClassLoader::loadClass@-1
                      ; - org.eclipse.osgi.internal.loader.BundleLoader::findClass0@25 (line 469)
  0x00000289e74888d4: 1d07 e9b9 

  0x00000289e74888d8: ;   {internal_word}
  0x00000289e74888d8: f4ff ff49 | ba5c 7e48 | e789 0200 | 004d 8997 | 6004 0000 

  0x00000289e74888ec: ;   {runtime_call SafepointBlob}
  0x00000289e74888ec: e90f c212 

  0x00000289e74888f0: ;   {internal_word}
  0x00000289e74888f0: 0749 bacc | 7e48 e789 | 0200 004d | 8997 6004 

  0x00000289e7488900: ;   {runtime_call SafepointBlob}
  0x00000289e7488900: 0000 e9f9 | c112 0748 | 8d84 2448 | 0100 0048 

  0x00000289e7488910: ;   {runtime_call monitorexit_nofpu Runtime1 stub}
  0x00000289e7488910: 8904 24e8 | e89c 1d07 | e905 f6ff | ff48 8d84 | 2448 0100 | 0048 8904 

  0x00000289e7488928: ;   {runtime_call monitorexit_nofpu Runtime1 stub}
  0x00000289e7488928: 24e8 d29c | 1d07 e93f | f6ff ff49 | 8b87 f804 | 0000 49c7 | 87f8 0400 | 0000 0000 | 0049 c787 
  0x00000289e7488948: 0005 0000 | 0000 0000 | 4881 c460 | 0100 005d 

  0x00000289e7488958: ;   {runtime_call unwind_exception Runtime1 stub}
  0x00000289e7488958: e9a3 3c1d | 07f4 f4f4 
[Stub Code]
  0x00000289e7488960: ;   {no_reloc}
  0x00000289e7488960: 0f1f 4400 

  0x00000289e7488964: ;   {static_stub}
  0x00000289e7488964: 0048 bb00 | 0000 0000 

  0x00000289e748896c: ;   {runtime_call nmethod}
  0x00000289e748896c: 0000 00e9 | fbff ffff 

  0x00000289e7488974: ;   {static_stub}
  0x00000289e7488974: 9048 bb00 | 0000 0000 

  0x00000289e748897c: ;   {runtime_call nmethod}
  0x00000289e748897c: 0000 00e9 | fbff ffff 

  0x00000289e7488984: ;   {static_stub}
  0x00000289e7488984: 9048 bb00 | 0000 0000 

  0x00000289e748898c: ;   {runtime_call nmethod}
  0x00000289e748898c: 0000 00e9 | fbff ffff 

  0x00000289e7488994: ;   {static_stub}
  0x00000289e7488994: 9048 bb00 | 0000 0000 

  0x00000289e748899c: ;   {runtime_call nmethod}
  0x00000289e748899c: 0000 00e9 | fbff ffff 

  0x00000289e74889a4: ;   {static_stub}
  0x00000289e74889a4: 9048 bb00 | 0000 0000 

  0x00000289e74889ac: ;   {runtime_call nmethod}
  0x00000289e74889ac: 0000 00e9 | fbff ffff 

  0x00000289e74889b4: ;   {static_stub}
  0x00000289e74889b4: 9048 bb00 | 0000 0000 

  0x00000289e74889bc: ;   {runtime_call nmethod}
  0x00000289e74889bc: 0000 00e9 | fbff ffff 

  0x00000289e74889c4: ;   {static_stub}
  0x00000289e74889c4: 9048 bb00 | 0000 0000 

  0x00000289e74889cc: ;   {runtime_call nmethod}
  0x00000289e74889cc: 0000 00e9 | fbff ffff 

  0x00000289e74889d4: ;   {static_stub}
  0x00000289e74889d4: 9048 bb00 | 0000 0000 

  0x00000289e74889dc: ;   {runtime_call nmethod}
  0x00000289e74889dc: 0000 00e9 | fbff ffff 

  0x00000289e74889e4: ;   {static_stub}
  0x00000289e74889e4: 9048 bb80 | dc48 c189 

  0x00000289e74889ec: ;   {runtime_call I2C/C2I adapters}
  0x00000289e74889ec: 0200 00e9 | 73ad 1207 

  0x00000289e74889f4: ;   {static_stub}
  0x00000289e74889f4: 9048 bb00 | 0000 0000 

  0x00000289e74889fc: ;   {runtime_call nmethod}
  0x00000289e74889fc: 0000 00e9 | fbff ffff 

  0x00000289e7488a04: ;   {static_stub}
  0x00000289e7488a04: 9048 bb00 | 0000 0000 

  0x00000289e7488a0c: ;   {runtime_call nmethod}
  0x00000289e7488a0c: 0000 00e9 | fbff ffff 

  0x00000289e7488a14: ;   {static_stub}
  0x00000289e7488a14: 9048 bb00 | 0000 0000 

  0x00000289e7488a1c: ;   {runtime_call nmethod}
  0x00000289e7488a1c: 0000 00e9 | fbff ffff 

  0x00000289e7488a24: ;   {static_stub}
  0x00000289e7488a24: 9048 bb00 | 0000 0000 

  0x00000289e7488a2c: ;   {runtime_call nmethod}
  0x00000289e7488a2c: 0000 00e9 | fbff ffff 

  0x00000289e7488a34: ;   {static_stub}
  0x00000289e7488a34: 9048 bb00 | 0000 0000 

  0x00000289e7488a3c: ;   {runtime_call nmethod}
  0x00000289e7488a3c: 0000 00e9 | fbff ffff 

  0x00000289e7488a44: ;   {static_stub}
  0x00000289e7488a44: 9048 bb00 | 0000 0000 

  0x00000289e7488a4c: ;   {runtime_call nmethod}
  0x00000289e7488a4c: 0000 00e9 | fbff ffff 

  0x00000289e7488a54: ;   {static_stub}
  0x00000289e7488a54: 9048 bb00 | 0000 0000 

  0x00000289e7488a5c: ;   {runtime_call nmethod}
  0x00000289e7488a5c: 0000 00e9 | fbff ffff 

  0x00000289e7488a64: ;   {static_stub}
  0x00000289e7488a64: 9048 bb00 | 0000 0000 

  0x00000289e7488a6c: ;   {runtime_call nmethod}
  0x00000289e7488a6c: 0000 00e9 | fbff ffff 

  0x00000289e7488a74: ;   {static_stub}
  0x00000289e7488a74: 9048 bb00 | 0000 0000 

  0x00000289e7488a7c: ;   {runtime_call nmethod}
  0x00000289e7488a7c: 0000 00e9 | fbff ffff 

  0x00000289e7488a84: ;   {static_stub}
  0x00000289e7488a84: 9048 bb00 | 0000 0000 

  0x00000289e7488a8c: ;   {runtime_call nmethod}
  0x00000289e7488a8c: 0000 00e9 | fbff ffff 

  0x00000289e7488a94: ;   {static_stub}
  0x00000289e7488a94: 9048 bb00 | 0000 0000 

  0x00000289e7488a9c: ;   {runtime_call nmethod}
  0x00000289e7488a9c: 0000 00e9 | fbff ffff 

  0x00000289e7488aa4: ;   {static_stub}
  0x00000289e7488aa4: 9048 bb00 | 0000 0000 

  0x00000289e7488aac: ;   {runtime_call nmethod}
  0x00000289e7488aac: 0000 00e9 | fbff ffff 

  0x00000289e7488ab4: ;   {static_stub}
  0x00000289e7488ab4: 9048 bb00 | 0000 0000 

  0x00000289e7488abc: ;   {runtime_call nmethod}
  0x00000289e7488abc: 0000 00e9 | fbff ffff 

  0x00000289e7488ac4: ;   {static_stub}
  0x00000289e7488ac4: 9048 bb00 | 0000 0000 

  0x00000289e7488acc: ;   {runtime_call nmethod}
  0x00000289e7488acc: 0000 00e9 | fbff ffff 

  0x00000289e7488ad4: ;   {static_stub}
  0x00000289e7488ad4: 9048 bb00 | 0000 0000 

  0x00000289e7488adc: ;   {runtime_call nmethod}
  0x00000289e7488adc: 0000 00e9 | fbff ffff 

  0x00000289e7488ae4: ;   {static_stub}
  0x00000289e7488ae4: 9048 bb00 | 0000 0000 

  0x00000289e7488aec: ;   {runtime_call nmethod}
  0x00000289e7488aec: 0000 00e9 | fbff ffff 

  0x00000289e7488af4: ;   {static_stub}
  0x00000289e7488af4: 9048 bb00 | 0000 0000 

  0x00000289e7488afc: ;   {runtime_call nmethod}
  0x00000289e7488afc: 0000 00e9 | fbff ffff 

  0x00000289e7488b04: ;   {static_stub}
  0x00000289e7488b04: 9048 bb00 | 0000 0000 

  0x00000289e7488b0c: ;   {runtime_call nmethod}
  0x00000289e7488b0c: 0000 00e9 | fbff ffff 

  0x00000289e7488b14: ;   {static_stub}
  0x00000289e7488b14: 9048 bb00 | 0000 0000 

  0x00000289e7488b1c: ;   {runtime_call nmethod}
  0x00000289e7488b1c: 0000 00e9 | fbff ffff 

  0x00000289e7488b24: ;   {static_stub}
  0x00000289e7488b24: 9048 bb00 | 0000 0000 

  0x00000289e7488b2c: ;   {runtime_call nmethod}
  0x00000289e7488b2c: 0000 00e9 | fbff ffff 

  0x00000289e7488b34: ;   {static_stub}
  0x00000289e7488b34: 9048 bb00 | 0000 0000 

  0x00000289e7488b3c: ;   {runtime_call nmethod}
  0x00000289e7488b3c: 0000 00e9 | fbff ffff 

  0x00000289e7488b44: ;   {static_stub}
  0x00000289e7488b44: 9048 bb00 | 0000 0000 

  0x00000289e7488b4c: ;   {runtime_call nmethod}
  0x00000289e7488b4c: 0000 00e9 | fbff ffff 

  0x00000289e7488b54: ;   {static_stub}
  0x00000289e7488b54: 9048 bb00 | 0000 0000 

  0x00000289e7488b5c: ;   {runtime_call nmethod}
  0x00000289e7488b5c: 0000 00e9 | fbff ffff 

  0x00000289e7488b64: ;   {static_stub}
  0x00000289e7488b64: 9048 bb00 | 0000 0000 

  0x00000289e7488b6c: ;   {runtime_call nmethod}
  0x00000289e7488b6c: 0000 00e9 | fbff ffff 

  0x00000289e7488b74: ;   {static_stub}
  0x00000289e7488b74: 9048 bb00 | 0000 0000 

  0x00000289e7488b7c: ;   {runtime_call nmethod}
  0x00000289e7488b7c: 0000 00e9 | fbff ffff 

  0x00000289e7488b84: ;   {static_stub}
  0x00000289e7488b84: 9048 bb00 | 0000 0000 

  0x00000289e7488b8c: ;   {runtime_call nmethod}
  0x00000289e7488b8c: 0000 00e9 | fbff ffff 

  0x00000289e7488b94: ;   {static_stub}
  0x00000289e7488b94: 48bb 0000 | 0000 0000 

  0x00000289e7488b9c: ;   {runtime_call nmethod}
  0x00000289e7488b9c: 0000 e9fb 

  0x00000289e7488ba0: ;   {static_stub}
  0x00000289e7488ba0: ffff ff48 | bb00 0000 | 0000 0000 

  0x00000289e7488bac: ;   {runtime_call nmethod}
  0x00000289e7488bac: 00e9 fbff 

  0x00000289e7488bb0: ;   {static_stub}
  0x00000289e7488bb0: ffff 48bb | 0000 0000 | 0000 0000 

  0x00000289e7488bbc: ;   {runtime_call nmethod}
  0x00000289e7488bbc: e9fb ffff 

  0x00000289e7488bc0: ;   {static_stub}
  0x00000289e7488bc0: ff48 bbd8 | 4f58 c189 

  0x00000289e7488bc8: ;   {runtime_call I2C/C2I adapters}
  0x00000289e7488bc8: 0200 00e9 | 9b09 1207 

  0x00000289e7488bd0: ;   {static_stub}
  0x00000289e7488bd0: 48bb 0000 | 0000 0000 

  0x00000289e7488bd8: ;   {runtime_call nmethod}
  0x00000289e7488bd8: 0000 e9fb 

  0x00000289e7488bdc: ;   {static_stub}
  0x00000289e7488bdc: ffff ff48 | bb00 0000 | 0000 0000 

  0x00000289e7488be8: ;   {runtime_call nmethod}
  0x00000289e7488be8: 00e9 fbff 

  0x00000289e7488bec: ;   {static_stub}
  0x00000289e7488bec: ffff 48bb | 787b 58c1 | 8902 0000 

  0x00000289e7488bf8: ;   {runtime_call I2C/C2I adapters}
  0x00000289e7488bf8: e96a ab12 

  0x00000289e7488bfc: ;   {static_stub}
  0x00000289e7488bfc: 0748 bb00 | 0000 0000 

  0x00000289e7488c04: ;   {runtime_call nmethod}
  0x00000289e7488c04: 0000 00e9 | fbff ffff 

  0x00000289e7488c0c: ;   {static_stub}
  0x00000289e7488c0c: 48bb 0000 | 0000 0000 

  0x00000289e7488c14: ;   {runtime_call nmethod}
  0x00000289e7488c14: 0000 e9fb 

  0x00000289e7488c18: ;   {static_stub}
  0x00000289e7488c18: ffff ff48 | bb00 0000 | 0000 0000 

  0x00000289e7488c24: ;   {runtime_call nmethod}
  0x00000289e7488c24: 00e9 fbff 

  0x00000289e7488c28: ;   {static_stub}
  0x00000289e7488c28: ffff 48bb | 0000 0000 | 0000 0000 

  0x00000289e7488c34: ;   {runtime_call nmethod}
  0x00000289e7488c34: e9fb ffff 

  0x00000289e7488c38: ;   {static_stub}
  0x00000289e7488c38: ff48 bb30 | 8258 c189 

  0x00000289e7488c40: ;   {runtime_call I2C/C2I adapters}
  0x00000289e7488c40: 0200 00e9 | 2324 1207 

  0x00000289e7488c48: ;   {static_stub}
  0x00000289e7488c48: 48bb 0000 | 0000 0000 

  0x00000289e7488c50: ;   {runtime_call nmethod}
  0x00000289e7488c50: 0000 e9fb 

  0x00000289e7488c54: ;   {static_stub}
  0x00000289e7488c54: ffff ff48 | bb00 0000 | 0000 0000 

  0x00000289e7488c60: ;   {runtime_call nmethod}
  0x00000289e7488c60: 00e9 fbff 

  0x00000289e7488c64: ;   {runtime_call handle_exception_from_callee Runtime1 stub}
  0x00000289e7488c64: ffff e895 

  0x00000289e7488c68: ;   {external_word}
  0x00000289e7488c68: 751d 0748 | b990 7f7c | a1ff 7f00 | 0048 83e4 

  0x00000289e7488c78: ;   {runtime_call}
  0x00000289e7488c78: f048 b8f0 | 423f a1ff | 7f00 00ff 

  0x00000289e7488c84: ;   {section_word}
  0x00000289e7488c84: d0f4 49ba | 868c 48e7 | 8902 0000 

  0x00000289e7488c90: ;   {runtime_call DeoptimizationBlob}
  0x00000289e7488c90: 4152 e909 | b112 07f4 
[/MachCode]


---------------  P R O C E S S  ---------------

Threads class SMR info:
_java_thread_list=0x00000289c5a553f0, length=22, elements={
0x00000289e1c47ee0, 0x00000289f8302ba0, 0x00000289f8303d00, 0x00000289f830a0b0,
0x00000289f830afc0, 0x00000289f99e4290, 0x00000289f99e84b0, 0x00000289f99eb030,
0x00000289f99edfb0, 0x00000289f9ae6d90, 0x00000289f9aec840, 0x00000289f9b2ced0,
0x00000289f9c99230, 0x00000289f9ca36d0, 0x00000289f9ae9b80, 0x00000289c51b9e00,
0x00000289c54e2cd0, 0x00000289f9ae6700, 0x00000289f9ae7420, 0x00000289f9ae94f0,
0x00000289f9ae87d0, 0x00000289f9ae8e60
}

Java Threads: ( => current thread )
  0x00000289e1c47ee0 JavaThread "main"                              [_thread_blocked, id=23236, stack(0x000000cb43a00000,0x000000cb43b00000) (1024K)]
  0x00000289f8302ba0 JavaThread "Reference Handler"          daemon [_thread_blocked, id=18952, stack(0x000000cb43e00000,0x000000cb43f00000) (1024K)]
  0x00000289f8303d00 JavaThread "Finalizer"                  daemon [_thread_blocked, id=12652, stack(0x000000cb43f00000,0x000000cb44000000) (1024K)]
  0x00000289f830a0b0 JavaThread "Signal Dispatcher"          daemon [_thread_blocked, id=10244, stack(0x000000cb44000000,0x000000cb44100000) (1024K)]
  0x00000289f830afc0 JavaThread "Attach Listener"            daemon [_thread_blocked, id=22176, stack(0x000000cb44100000,0x000000cb44200000) (1024K)]
  0x00000289f99e4290 JavaThread "Service Thread"             daemon [_thread_blocked, id=23832, stack(0x000000cb44200000,0x000000cb44300000) (1024K)]
  0x00000289f99e84b0 JavaThread "Monitor Deflation Thread"   daemon [_thread_blocked, id=23896, stack(0x000000cb44300000,0x000000cb44400000) (1024K)]
  0x00000289f99eb030 JavaThread "C2 CompilerThread0"         daemon [_thread_blocked, id=25416, stack(0x000000cb44400000,0x000000cb44500000) (1024K)]
  0x00000289f99edfb0 JavaThread "C1 CompilerThread0"         daemon [_thread_blocked, id=17760, stack(0x000000cb44500000,0x000000cb44600000) (1024K)]
  0x00000289f9ae6d90 JavaThread "Common-Cleaner"             daemon [_thread_blocked, id=24196, stack(0x000000cb44600000,0x000000cb44700000) (1024K)]
  0x00000289f9aec840 JavaThread "C1 CompilerThread1"         daemon [_thread_blocked, id=2820, stack(0x000000cb44700000,0x000000cb44800000) (1024K)]
  0x00000289f9b2ced0 JavaThread "C2 CompilerThread1"         daemon [_thread_blocked, id=5148, stack(0x000000cb44800000,0x000000cb44900000) (1024K)]
  0x00000289f9c99230 JavaThread "C1 CompilerThread2"         daemon [_thread_blocked, id=21244, stack(0x000000cb44900000,0x000000cb44a00000) (1024K)]
  0x00000289f9ca36d0 JavaThread "C1 CompilerThread3"         daemon [_thread_blocked, id=20424, stack(0x000000cb44a00000,0x000000cb44b00000) (1024K)]
  0x00000289f9ae9b80 JavaThread "Notification Thread"        daemon [_thread_blocked, id=15896, stack(0x000000cb44b00000,0x000000cb44c00000) (1024K)]
  0x00000289c51b9e00 JavaThread "C2 CompilerThread2"         daemon [_thread_blocked, id=14700, stack(0x000000cb44c00000,0x000000cb44d00000) (1024K)]
  0x00000289c54e2cd0 JavaThread "C2 CompilerThread3"         daemon [_thread_blocked, id=19332, stack(0x000000cb44d00000,0x000000cb44e00000) (1024K)]
  0x00000289f9ae6700 JavaThread "Active Thread: Equinox Container: 875ce372-12d4-4d6d-a9ed-275b16e985a1"        [_thread_blocked, id=14660, stack(0x000000cb45400000,0x000000cb45500000) (1024K)]
  0x00000289f9ae7420 JavaThread "Framework Event Dispatcher: Equinox Container: 875ce372-12d4-4d6d-a9ed-275b16e985a1" daemon [_thread_blocked, id=9152, stack(0x000000cb45500000,0x000000cb45600000) (1024K)]
=>0x00000289f9ae94f0 JavaThread "Start Level: Equinox Container: 875ce372-12d4-4d6d-a9ed-275b16e985a1" daemon [_thread_in_vm, id=25436, stack(0x000000cb45600000,0x000000cb45700000) (1024K)]
  0x00000289f9ae87d0 JavaThread "SCR Component Actor"        daemon [_thread_blocked, id=19136, stack(0x000000cb45800000,0x000000cb45900000) (1024K)]
  0x00000289f9ae8e60 JavaThread "SCR Component Registry"     daemon [_thread_blocked, id=19744, stack(0x000000cb45900000,0x000000cb45a00000) (1024K)]
Total: 22

Other Threads:
  0x00000289f82f3f50 VMThread "VM Thread"                           [id=23460, stack(0x000000cb43d00000,0x000000cb43e00000) (1024K)]
  0x00000289e3f80ea0 WatcherThread "VM Periodic Task Thread"        [id=19820, stack(0x000000cb43c00000,0x000000cb43d00000) (1024K)]
  0x00000289e3f36790 WorkerThread "GC Thread#0"                     [id=6072, stack(0x000000cb43b00000,0x000000cb43c00000) (1024K)]
  0x00000289c5970fc0 WorkerThread "GC Thread#1"                     [id=12704, stack(0x000000cb44e00000,0x000000cb44f00000) (1024K)]
  0x00000289c5971770 WorkerThread "GC Thread#2"                     [id=18864, stack(0x000000cb44f00000,0x000000cb45000000) (1024K)]
  0x00000289c5971b10 WorkerThread "GC Thread#3"                     [id=15728, stack(0x000000cb45000000,0x000000cb45100000) (1024K)]
  0x00000289c5a939f0 WorkerThread "GC Thread#4"                     [id=23084, stack(0x000000cb45100000,0x000000cb45200000) (1024K)]
  0x00000289c510f9b0 WorkerThread "GC Thread#5"                     [id=15808, stack(0x000000cb45200000,0x000000cb45300000) (1024K)]
  0x00000289c510fd50 WorkerThread "GC Thread#6"                     [id=8312, stack(0x000000cb45300000,0x000000cb45400000) (1024K)]
  0x00000289c510eed0 WorkerThread "GC Thread#7"                     [id=19184, stack(0x000000cb45700000,0x000000cb45800000) (1024K)]
Total: 10

Threads with active compile tasks:
Total: 0

VM state: not at safepoint (normal execution)

VM Mutex/Monitor currently owned by a thread:  ([mutex/lock_event])
[0x00007fffa1a7c300] Metaspace_lock - owner thread: 0x00000289f9ae94f0

Heap address: 0x00000000c0000000, size: 1024 MB, Compressed Oops mode: 32-bit

CDS archive(s) mapped at: [0x0000028980000000-0x0000028980ba0000-0x0000028980ba0000), size 12189696, SharedBaseAddress: 0x0000028980000000, ArchiveRelocationMode: 1.
Compressed class space mapped at: 0x0000028981000000-0x00000289c1000000, reserved size: 1073741824
Narrow klass base: 0x0000028980000000, Narrow klass shift: 0, Narrow klass range: 0x100000000

GC Precious Log:
 CardTable entry size: 512
 CPUs: 16 total, 16 available
 Memory: 16310M
 Large Page Support: Disabled
 NUMA Support: Disabled
 Compressed Oops: Enabled (32-bit)
 Alignments: Space 512K, Generation 512K, Heap 2M
 Heap Min Capacity: 100M
 Heap Initial Capacity: 100M
 Heap Max Capacity: 1G
 Pre-touch: Disabled
 Parallel Workers: 13

Heap:
 PSYoungGen      total 29696K, used 15267K [0x00000000eab00000, 0x00000000ecc00000, 0x0000000100000000)
  eden space 25600K, 43% used [0x00000000eab00000,0x00000000eb5ee1b0,0x00000000ec400000)
  from space 4096K, 99% used [0x00000000ec800000,0x00000000ecbfaac8,0x00000000ecc00000)
  to   space 4096K, 0% used [0x00000000ec400000,0x00000000ec400000,0x00000000ec800000)
 ParOldGen       total 68608K, used 822K [0x00000000c0000000, 0x00000000c4300000, 0x00000000eab00000)
  object space 68608K, 1% used [0x00000000c0000000,0x00000000c00cd830,0x00000000c4300000)
 Metaspace       used 10098K, committed 10432K, reserved 1114112K
  class space    used 1019K, committed 1216K, reserved 1048576K

Card table byte_map: [0x00000289e38c0000,0x00000289e3ad0000] _byte_map_base: 0x00000289e32c0000

Marking Bits: (ParMarkBitMap*) 0x00007fffa1a83260
 Begin Bits: [0x00000289f6110000, 0x00000289f7110000)
 End Bits:   [0x00000289f7110000, 0x00000289f8110000)

Polling page: 0x00000289e1db0000

Metaspace:

Usage:
  Non-class:      8.87 MB used.
      Class:   1019.97 KB used.
       Both:      9.86 MB used.

Virtual space:
  Non-class space:       64.00 MB reserved,       9.00 MB ( 14%) committed,  1 nodes.
      Class space:        1.00 GB reserved,       1.19 MB ( <1%) committed,  1 nodes.
             Both:        1.06 GB reserved,      10.19 MB ( <1%) committed. 

Chunk freelists:
   Non-Class:  6.43 MB
       Class:  14.79 MB
        Both:  21.23 MB

MaxMetaspaceSize: unlimited
CompressedClassSpaceSize: 1.00 GB
Initial GC threshold: 21.00 MB
Current GC threshold: 21.00 MB
CDS: on
 - commit_granule_bytes: 65536.
 - commit_granule_words: 8192.
 - virtual_space_node_default_size: 8388608.
 - enlarge_chunks_in_place: 1.
 - use_allocation_guard: 0.


Internal statistics:

num_allocs_failed_limit: 0.
num_arena_births: 244.
num_arena_deaths: 0.
num_vsnodes_births: 2.
num_vsnodes_deaths: 0.
num_space_committed: 163.
num_space_uncommitted: 0.
num_chunks_returned_to_freelist: 0.
num_chunks_taken_from_freelist: 502.
num_chunk_merges: 0.
num_chunk_splits: 338.
num_chunks_enlarged: 221.
num_inconsistent_stats: 0.

CodeHeap 'non-profiled nmethods': size=119168Kb used=784Kb max_used=784Kb free=118383Kb
 bounds [0x00000289eecb0000, 0x00000289eef20000, 0x00000289f6110000]
CodeHeap 'profiled nmethods': size=119104Kb used=3631Kb max_used=3631Kb free=115472Kb
 bounds [0x00000289e7110000, 0x00000289e74a0000, 0x00000289ee560000]
CodeHeap 'non-nmethods': size=7488Kb used=2909Kb max_used=2944Kb free=4578Kb
 bounds [0x00000289ee560000, 0x00000289ee850000, 0x00000289eecb0000]
 total_blobs=2458 nmethods=1966 adapters=396
 compilation: enabled
              stopped_count=0, restarted_count=0
 full_count=0

Compilation events (20 events):
Event: 0.883 Thread 0x00000289f9ca36d0 1960       3       org.eclipse.osgi.internal.serviceregistry.ServiceRegistry::notifyHooksPrivileged (58 bytes)
Event: 0.883 Thread 0x00000289f99edfb0 1961       3       java.net.URL::toExternalForm (9 bytes)
Event: 0.883 Thread 0x00000289f99edfb0 nmethod 1961 0x00000289e7496710 code [0x00000289e74968c0, 0x00000289e7496aa0]
Event: 0.883 Thread 0x00000289f9ca36d0 nmethod 1960 0x00000289e7496b90 code [0x00000289e7496dc0, 0x00000289e7497460]
Event: 0.884 Thread 0x00000289f9c99230 1962       3       java.lang.ThreadLocal::set (26 bytes)
Event: 0.884 Thread 0x00000289f99edfb0 1963       3       java.lang.ThreadLocal::set (18 bytes)
Event: 0.884 Thread 0x00000289f9c99230 nmethod 1962 0x00000289e7497690 code [0x00000289e7497860, 0x00000289e7497bb0]
Event: 0.884 Thread 0x00000289f99edfb0 nmethod 1963 0x00000289e7497d10 code [0x00000289e7497ee0, 0x00000289e74982b8]
Event: 0.884 Thread 0x00000289f9ca36d0 1964       3       java.lang.ClassLoader::defineClass (43 bytes)
Event: 0.884 Thread 0x00000289f9c99230 1965       3       java.lang.ClassLoader::defineClassSourceLocation (28 bytes)
Event: 0.885 Thread 0x00000289f9c99230 nmethod 1965 0x00000289e7498490 code [0x00000289e7498660, 0x00000289e74989e0]
Event: 0.885 Thread 0x00000289f9ca36d0 nmethod 1964 0x00000289e7498b90 code [0x00000289e7498da0, 0x00000289e74992b8]
Event: 0.885 Thread 0x00000289f99edfb0 1966       3       java.util.Collections$SingletonMap::get (20 bytes)
Event: 0.885 Thread 0x00000289f9c99230 1967       3       java.util.Collections::eq (22 bytes)
Event: 0.885 Thread 0x00000289f9c99230 nmethod 1967 0x00000289e7499510 code [0x00000289e74996c0, 0x00000289e7499910]
Event: 0.885 Thread 0x00000289f99edfb0 nmethod 1966 0x00000289e7499a10 code [0x00000289e7499be0, 0x00000289e7499f40]
Event: 0.887 Thread 0x00000289f9aec840 1968       3       org.eclipse.osgi.internal.loader.ModuleClassLoader::getClassLoadingLock (9 bytes)
Event: 0.887 Thread 0x00000289f99edfb0 1969       3       org.eclipse.osgi.internal.container.KeyBasedLockStore::getLock (105 bytes)
Event: 0.888 Thread 0x00000289f9aec840 nmethod 1968 0x00000289e749a090 code [0x00000289e749a240, 0x00000289e749a380]
Event: 0.888 Thread 0x00000289f99edfb0 nmethod 1969 0x00000289e749a490 code [0x00000289e749a760, 0x00000289e749b788]

GC Heap History (4 events):
Event: 0.450 GC heap before
{Heap before GC invocations=1 (full 0):
 PSYoungGen      total 29696K, used 25600K [0x00000000eab00000, 0x00000000ecc00000, 0x0000000100000000)
  eden space 25600K, 100% used [0x00000000eab00000,0x00000000ec400000,0x00000000ec400000)
  from space 4096K, 0% used [0x00000000ec800000,0x00000000ec800000,0x00000000ecc00000)
  to   space 4096K, 0% used [0x00000000ec400000,0x00000000ec400000,0x00000000ec800000)
 ParOldGen       total 68608K, used 0K [0x00000000c0000000, 0x00000000c4300000, 0x00000000eab00000)
  object space 68608K, 0% used [0x00000000c0000000,0x00000000c0000000,0x00000000c4300000)
 Metaspace       used 3950K, committed 4160K, reserved 1114112K
  class space    used 399K, committed 512K, reserved 1048576K
}
Event: 0.456 GC heap after
{Heap after GC invocations=1 (full 0):
 PSYoungGen      total 29696K, used 3158K [0x00000000eab00000, 0x00000000ecc00000, 0x0000000100000000)
  eden space 25600K, 0% used [0x00000000eab00000,0x00000000eab00000,0x00000000ec400000)
  from space 4096K, 77% used [0x00000000ec400000,0x00000000ec715800,0x00000000ec800000)
  to   space 4096K, 0% used [0x00000000ec800000,0x00000000ec800000,0x00000000ecc00000)
 ParOldGen       total 68608K, used 16K [0x00000000c0000000, 0x00000000c4300000, 0x00000000eab00000)
  object space 68608K, 0% used [0x00000000c0000000,0x00000000c0004000,0x00000000c4300000)
 Metaspace       used 3950K, committed 4160K, reserved 1114112K
  class space    used 399K, committed 512K, reserved 1048576K
}
Event: 0.794 GC heap before
{Heap before GC invocations=2 (full 0):
 PSYoungGen      total 29696K, used 28758K [0x00000000eab00000, 0x00000000ecc00000, 0x0000000100000000)
  eden space 25600K, 100% used [0x00000000eab00000,0x00000000ec400000,0x00000000ec400000)
  from space 4096K, 77% used [0x00000000ec400000,0x00000000ec715800,0x00000000ec800000)
  to   space 4096K, 0% used [0x00000000ec800000,0x00000000ec800000,0x00000000ecc00000)
 ParOldGen       total 68608K, used 16K [0x00000000c0000000, 0x00000000c4300000, 0x00000000eab00000)
  object space 68608K, 0% used [0x00000000c0000000,0x00000000c0004000,0x00000000c4300000)
 Metaspace       used 7886K, committed 8256K, reserved 1114112K
  class space    used 773K, committed 960K, reserved 1048576K
}
Event: 0.798 GC heap after
{Heap after GC invocations=2 (full 0):
 PSYoungGen      total 29696K, used 4074K [0x00000000eab00000, 0x00000000ecc00000, 0x0000000100000000)
  eden space 25600K, 0% used [0x00000000eab00000,0x00000000eab00000,0x00000000ec400000)
  from space 4096K, 99% used [0x00000000ec800000,0x00000000ecbfaac8,0x00000000ecc00000)
  to   space 4096K, 0% used [0x00000000ec400000,0x00000000ec400000,0x00000000ec800000)
 ParOldGen       total 68608K, used 822K [0x00000000c0000000, 0x00000000c4300000, 0x00000000eab00000)
  object space 68608K, 1% used [0x00000000c0000000,0x00000000c00cd830,0x00000000c4300000)
 Metaspace       used 7886K, committed 8256K, reserved 1114112K
  class space    used 773K, committed 960K, reserved 1048576K
}

Dll operation events (9 events):
Event: 0.005 Loaded shared library c:\Users\moham\.vscode\extensions\redhat.java-1.41.1-win32-x64\jre\21.0.6-win32-x86_64\bin\java.dll
Event: 0.051 Loaded shared library c:\Users\moham\.vscode\extensions\redhat.java-1.41.1-win32-x64\jre\21.0.6-win32-x86_64\bin\zip.dll
Event: 0.066 Loaded shared library C:\Users\moham\.vscode\extensions\redhat.java-1.41.1-win32-x64\jre\21.0.6-win32-x86_64\bin\instrument.dll
Event: 0.069 Loaded shared library C:\Users\moham\.vscode\extensions\redhat.java-1.41.1-win32-x64\jre\21.0.6-win32-x86_64\bin\net.dll
Event: 0.071 Loaded shared library C:\Users\moham\.vscode\extensions\redhat.java-1.41.1-win32-x64\jre\21.0.6-win32-x86_64\bin\nio.dll
Event: 0.073 Loaded shared library C:\Users\moham\.vscode\extensions\redhat.java-1.41.1-win32-x64\jre\21.0.6-win32-x86_64\bin\zip.dll
Event: 0.085 Loaded shared library C:\Users\moham\.vscode\extensions\redhat.java-1.41.1-win32-x64\jre\21.0.6-win32-x86_64\bin\jimage.dll
Event: 0.131 Loaded shared library c:\Users\moham\.vscode\extensions\redhat.java-1.41.1-win32-x64\jre\21.0.6-win32-x86_64\bin\verify.dll
Event: 0.790 Loaded shared library C:\Users\moham\AppData\Roaming\Code\User\globalStorage\redhat.java\1.41.1\config_ss_win\org.eclipse.equinox.launcher\org.eclipse.equinox.launcher.win32.win32.x86_64_1.2.1300.v20250331-1702\eclipse_11911.dll

Deoptimization events (20 events):
Event: 0.677 Thread 0x00000289e1c47ee0 Uncommon trap: trap_request=0xffffff45 fr.pc=0x00000289eed2674c relative=0x00000000000000ac
Event: 0.677 Thread 0x00000289e1c47ee0 Uncommon trap: reason=unstable_if action=reinterpret pc=0x00000289eed2674c method=java.util.concurrent.locks.ReentrantLock$NonfairSync.initialTryLock()Z @ 10 c2
Event: 0.677 Thread 0x00000289e1c47ee0 DEOPT PACKING pc=0x00000289eed2674c sp=0x000000cb43afebc0
Event: 0.677 Thread 0x00000289e1c47ee0 DEOPT UNPACKING pc=0x00000289ee5b3aa2 sp=0x000000cb43afeb50 mode 2
Event: 0.677 Thread 0x00000289e1c47ee0 Uncommon trap: trap_request=0xffffff45 fr.pc=0x00000289eed263b4 relative=0x0000000000000094
Event: 0.677 Thread 0x00000289e1c47ee0 Uncommon trap: reason=unstable_if action=reinterpret pc=0x00000289eed263b4 method=java.util.concurrent.locks.ReentrantLock$Sync.tryRelease(I)Z @ 26 c2
Event: 0.677 Thread 0x00000289e1c47ee0 DEOPT PACKING pc=0x00000289eed263b4 sp=0x000000cb43afec90
Event: 0.677 Thread 0x00000289e1c47ee0 DEOPT UNPACKING pc=0x00000289ee5b3aa2 sp=0x000000cb43afec10 mode 2
Event: 0.734 Thread 0x00000289e1c47ee0 DEOPT PACKING pc=0x00000289e7288f08 sp=0x000000cb43afc6d0
Event: 0.734 Thread 0x00000289e1c47ee0 DEOPT UNPACKING pc=0x00000289ee5b4242 sp=0x000000cb43afbb50 mode 0
Event: 0.735 Thread 0x00000289e1c47ee0 DEOPT PACKING pc=0x00000289e7288f08 sp=0x000000cb43afc9e0
Event: 0.735 Thread 0x00000289e1c47ee0 DEOPT UNPACKING pc=0x00000289ee5b4242 sp=0x000000cb43afbe60 mode 0
Event: 0.736 Thread 0x00000289e1c47ee0 DEOPT PACKING pc=0x00000289e7288f08 sp=0x000000cb43afc930
Event: 0.736 Thread 0x00000289e1c47ee0 DEOPT UNPACKING pc=0x00000289ee5b4242 sp=0x000000cb43afbdb0 mode 0
Event: 0.737 Thread 0x00000289e1c47ee0 DEOPT PACKING pc=0x00000289e7288f08 sp=0x000000cb43afcc30
Event: 0.737 Thread 0x00000289e1c47ee0 DEOPT UNPACKING pc=0x00000289ee5b4242 sp=0x000000cb43afc0b0 mode 0
Event: 0.801 Thread 0x00000289f9ae94f0 Uncommon trap: trap_request=0xffffff6e fr.pc=0x00000289eed1b900 relative=0x0000000000000340
Event: 0.801 Thread 0x00000289f9ae94f0 Uncommon trap: reason=loop_limit_check action=maybe_recompile pc=0x00000289eed1b900 method=java.lang.StringLatin1.indexOf([BI[BII)I @ 37 c2
Event: 0.801 Thread 0x00000289f9ae94f0 DEOPT PACKING pc=0x00000289eed1b900 sp=0x000000cb456f8e00
Event: 0.801 Thread 0x00000289f9ae94f0 DEOPT UNPACKING pc=0x00000289ee5b3aa2 sp=0x000000cb456f8d60 mode 2

Classes loaded (20 events):
Event: 0.865 Loading class com/sun/org/apache/xerces/internal/impl/io/MalformedByteSequenceException
Event: 0.865 Loading class java/io/CharConversionException
Event: 0.865 Loading class java/io/CharConversionException done
Event: 0.865 Loading class com/sun/org/apache/xerces/internal/impl/io/MalformedByteSequenceException done
Event: 0.871 Loading class java/util/concurrent/RejectedExecutionException
Event: 0.871 Loading class java/util/concurrent/RejectedExecutionException done
Event: 0.871 Loading class java/util/concurrent/CompletionStage
Event: 0.871 Loading class java/util/concurrent/CompletionStage done
Event: 0.872 Loading class java/util/Timer
Event: 0.872 Loading class java/util/Timer done
Event: 0.872 Loading class java/util/TaskQueue
Event: 0.872 Loading class java/util/TaskQueue done
Event: 0.872 Loading class java/util/TimerThread
Event: 0.872 Loading class java/util/TimerThread done
Event: 0.872 Loading class java/util/Timer$ThreadReaper
Event: 0.872 Loading class java/util/Timer$ThreadReaper done
Event: 0.878 Loading class java/util/concurrent/locks/ReentrantLock$FairSync
Event: 0.879 Loading class java/util/concurrent/locks/ReentrantLock$FairSync done
Event: 0.880 Loading class java/util/Collections$ReverseComparator
Event: 0.880 Loading class java/util/Collections$ReverseComparator done

Classes unloaded (0 events):
No events

Classes redefined (0 events):
No events

Internal exceptions (20 events):
Event: 0.488 Thread 0x00000289e1c47ee0 Exception <a 'java/lang/NoSuchMethodError'{0x00000000eace63e0}: 'void java.lang.invoke.DirectMethodHandle$Holder.invokeStatic(java.lang.Object, java.lang.Object, java.lang.Object, java.lang.Object)'> (0x00000000eace63e0) 
thrown [s\src\hotspot\share\interpreter\linkResolver.cpp, line 773]
Event: 0.489 Thread 0x00000289e1c47ee0 Implicit null exception at 0x00000289eed0da1a to 0x00000289eed0dc24
Event: 0.489 Thread 0x00000289e1c47ee0 Implicit null exception at 0x00000289eed0273d to 0x00000289eed027c1
Event: 0.514 Thread 0x00000289e1c47ee0 Exception <a 'java/lang/NoSuchMethodError'{0x00000000eaf64640}: 'long java.lang.invoke.DirectMethodHandle$Holder.invokeStatic(java.lang.Object, java.lang.Object, int)'> (0x00000000eaf64640) 
thrown [s\src\hotspot\share\interpreter\linkResolver.cpp, line 773]
Event: 0.515 Thread 0x00000289e1c47ee0 Exception <a 'java/lang/NoSuchMethodError'{0x00000000eaf6c148}: 'java.lang.Object java.lang.invoke.DirectMethodHandle$Holder.invokeSpecial(java.lang.Object, java.lang.Object, java.lang.Object, java.lang.Object, long)'> (0x00000000eaf6c148) 
thrown [s\src\hotspot\share\interpreter\linkResolver.cpp, line 773]
Event: 0.516 Thread 0x00000289e1c47ee0 Exception <a 'java/lang/NoSuchMethodError'{0x00000000eaf7a238}: 'java.lang.Object java.lang.invoke.DirectMethodHandle$Holder.invokeSpecial(java.lang.Object, java.lang.Object, java.lang.Object, int, java.lang.Object)'> (0x00000000eaf7a238) 
thrown [s\src\hotspot\share\interpreter\linkResolver.cpp, line 773]
Event: 0.518 Thread 0x00000289e1c47ee0 Exception <a 'java/lang/NoSuchMethodError'{0x00000000eaf915a8}: 'java.lang.Object java.lang.invoke.Invokers$Holder.invokeExact_MT(java.lang.Object, java.lang.Object, java.lang.Object, java.lang.Object, java.lang.Object, java.lang.Object)'> (0x00000000eaf915a8) 
thrown [s\src\hotspot\share\interpreter\linkResolver.cpp, line 773]
Event: 0.521 Thread 0x00000289e1c47ee0 Exception <a 'java/lang/NoSuchMethodError'{0x00000000eafaae60}: 'int java.lang.invoke.DirectMethodHandle$Holder.invokeStaticInit(java.lang.Object, java.lang.Object, java.lang.Object, java.lang.Object)'> (0x00000000eafaae60) 
thrown [s\src\hotspot\share\interpreter\linkResolver.cpp, line 773]
Event: 0.522 Thread 0x00000289e1c47ee0 Exception <a 'java/lang/NoSuchMethodError'{0x00000000eafb3618}: 'java.lang.Object java.lang.invoke.DirectMethodHandle$Holder.invokeInterface(java.lang.Object, java.lang.Object)'> (0x00000000eafb3618) 
thrown [s\src\hotspot\share\interpreter\linkResolver.cpp, line 773]
Event: 0.522 Thread 0x00000289e1c47ee0 Exception <a 'java/lang/IncompatibleClassChangeError'{0x00000000eafb6b50}: Found class java.lang.Object, but interface was expected> (0x00000000eafb6b50) 
thrown [s\src\hotspot\share\interpreter\linkResolver.cpp, line 840]
Event: 0.523 Thread 0x00000289e1c47ee0 Exception <a 'java/lang/NoSuchMethodError'{0x00000000eafbad08}: 'void java.lang.invoke.DirectMethodHandle$Holder.invokeStatic(java.lang.Object, java.lang.Object)'> (0x00000000eafbad08) 
thrown [s\src\hotspot\share\interpreter\linkResolver.cpp, line 773]
Event: 0.523 Thread 0x00000289e1c47ee0 Exception <a 'java/lang/NoSuchMethodError'{0x00000000eafbe0b0}: 'void java.lang.invoke.DirectMethodHandle$Holder.invokeStaticInit(java.lang.Object, java.lang.Object)'> (0x00000000eafbe0b0) 
thrown [s\src\hotspot\share\interpreter\linkResolver.cpp, line 773]
Event: 0.524 Thread 0x00000289e1c47ee0 Exception <a 'java/lang/NoSuchMethodError'{0x00000000eafc5040}: 'int java.lang.invoke.DirectMethodHandle$Holder.invokeStaticInit(java.lang.Object, java.lang.Object)'> (0x00000000eafc5040) 
thrown [s\src\hotspot\share\interpreter\linkResolver.cpp, line 773]
Event: 0.548 Thread 0x00000289e1c47ee0 Exception <a 'java/lang/NoSuchMethodError'{0x00000000eb142e90}: 'void java.lang.invoke.DirectMethodHandle$Holder.invokeSpecial(java.lang.Object, java.lang.Object, java.lang.Object)'> (0x00000000eb142e90) 
thrown [s\src\hotspot\share\interpreter\linkResolver.cpp, line 773]
Event: 0.662 Thread 0x00000289e1c47ee0 Exception <a 'java/lang/NoSuchMethodError'{0x00000000eb9e6100}: 'int java.lang.invoke.DirectMethodHandle$Holder.invokeVirtual(java.lang.Object, java.lang.Object)'> (0x00000000eb9e6100) 
thrown [s\src\hotspot\share\interpreter\linkResolver.cpp, line 773]
Event: 0.704 Thread 0x00000289e1c47ee0 Exception <a 'java/lang/NoSuchMethodError'{0x00000000ebd26d68}: 'java.lang.Object java.lang.invoke.DirectMethodHandle$Holder.newInvokeSpecial(java.lang.Object, int, java.lang.Object)'> (0x00000000ebd26d68) 
thrown [s\src\hotspot\share\interpreter\linkResolver.cpp, line 773]
Event: 0.719 Thread 0x00000289e1c47ee0 Exception <a 'java/lang/NoSuchMethodError'{0x00000000ebebcc20}: 'java.lang.Object java.lang.invoke.DirectMethodHandle$Holder.newInvokeSpecial(java.lang.Object, java.lang.Object, java.lang.Object, java.lang.Object, int, java.lang.Object)'> (0x00000000ebebcc20) 
thrown [s\src\hotspot\share\interpreter\linkResolver.cpp, line 773]
Event: 0.788 Thread 0x00000289e1c47ee0 Exception <a 'java/lang/UnsatisfiedLinkError'{0x00000000ec331170}: 'void org.eclipse.equinox.launcher.JNIBridge._update_splash()'> (0x00000000ec331170) 
thrown [s\src\hotspot\share\prims\nativeLookup.cpp, line 415]
Event: 0.830 Thread 0x00000289f9ae94f0 Exception <a 'java/lang/NullPointerException'{0x00000000eadf6928}> (0x00000000eadf6928) 
thrown [s\src\hotspot\share\interpreter\linkResolver.cpp, line 1372]
Event: 0.830 Thread 0x00000289f9ae94f0 Exception <a 'java/lang/NullPointerException'{0x00000000eadf6c08}> (0x00000000eadf6c08) 
thrown [s\src\hotspot\share\interpreter\linkResolver.cpp, line 1372]

ZGC Phase Switch (0 events):
No events

VM Operations (20 events):
Event: 0.310 Executing VM operation: HandshakeAllThreads (Deoptimize)
Event: 0.310 Executing VM operation: HandshakeAllThreads (Deoptimize) done
Event: 0.433 Executing VM operation: ICBufferFull
Event: 0.433 Executing VM operation: ICBufferFull done
Event: 0.450 Executing VM operation: ParallelGCFailedAllocation (Allocation Failure)
Event: 0.456 Executing VM operation: ParallelGCFailedAllocation (Allocation Failure) done
Event: 0.694 Executing VM operation: HandshakeAllThreads (Deoptimize)
Event: 0.694 Executing VM operation: HandshakeAllThreads (Deoptimize) done
Event: 0.698 Executing VM operation: HandshakeAllThreads (Deoptimize)
Event: 0.698 Executing VM operation: HandshakeAllThreads (Deoptimize) done
Event: 0.717 Executing VM operation: HandshakeAllThreads (Deoptimize)
Event: 0.717 Executing VM operation: HandshakeAllThreads (Deoptimize) done
Event: 0.737 Executing VM operation: ICBufferFull
Event: 0.737 Executing VM operation: ICBufferFull done
Event: 0.794 Executing VM operation: ParallelGCFailedAllocation (Allocation Failure)
Event: 0.798 Executing VM operation: ParallelGCFailedAllocation (Allocation Failure) done
Event: 0.828 Executing VM operation: HandshakeAllThreads (Deoptimize)
Event: 0.828 Executing VM operation: HandshakeAllThreads (Deoptimize) done
Event: 0.879 Executing VM operation: HandshakeAllThreads (Deoptimize)
Event: 0.879 Executing VM operation: HandshakeAllThreads (Deoptimize) done

Memory protections (0 events):
No events

Nmethod flushes (0 events):
No events

Events (20 events):
Event: 0.025 Thread 0x00000289e1c47ee0 Thread added: 0x00000289f8303d00
Event: 0.025 Thread 0x00000289e1c47ee0 Thread added: 0x00000289f830a0b0
Event: 0.025 Thread 0x00000289e1c47ee0 Thread added: 0x00000289f830afc0
Event: 0.025 Thread 0x00000289e1c47ee0 Thread added: 0x00000289f99e4290
Event: 0.025 Thread 0x00000289e1c47ee0 Thread added: 0x00000289f99e84b0
Event: 0.025 Thread 0x00000289e1c47ee0 Thread added: 0x00000289f99eb030
Event: 0.025 Thread 0x00000289e1c47ee0 Thread added: 0x00000289f99edfb0
Event: 0.042 Thread 0x00000289e1c47ee0 Thread added: 0x00000289f9ae6d90
Event: 0.049 Thread 0x00000289f99edfb0 Thread added: 0x00000289f9aec840
Event: 0.056 Thread 0x00000289f9aec840 Thread added: 0x00000289f9b2ced0
Event: 0.090 Thread 0x00000289f99edfb0 Thread added: 0x00000289f9c99230
Event: 0.091 Thread 0x00000289f9aec840 Thread added: 0x00000289f9ca36d0
Event: 0.195 Thread 0x00000289e1c47ee0 Thread added: 0x00000289f9ae9b80
Event: 0.256 Thread 0x00000289f9b2ced0 Thread added: 0x00000289c51b9e00
Event: 0.438 Thread 0x00000289f9aec840 Thread added: 0x00000289c54e2cd0
Event: 0.686 Thread 0x00000289e1c47ee0 Thread added: 0x00000289f9ae6700
Event: 0.784 Thread 0x00000289e1c47ee0 Thread added: 0x00000289f9ae7420
Event: 0.787 Thread 0x00000289e1c47ee0 Thread added: 0x00000289f9ae94f0
Event: 0.811 Thread 0x00000289f9ae94f0 Thread added: 0x00000289f9ae87d0
Event: 0.872 Thread 0x00000289f9ae94f0 Thread added: 0x00000289f9ae8e60


Dynamic libraries:
0x00007ff6e5540000 - 0x00007ff6e554e000 	c:\Users\moham\.vscode\extensions\redhat.java-1.41.1-win32-x64\jre\21.0.6-win32-x86_64\bin\java.exe
0x00007ffffa750000 - 0x00007ffffa948000 	C:\WINDOWS\SYSTEM32\ntdll.dll
0x00007ffff8780000 - 0x00007ffff8842000 	C:\WINDOWS\System32\KERNEL32.DLL
0x00007ffff8260000 - 0x00007ffff8556000 	C:\WINDOWS\System32\KERNELBASE.dll
0x00007ffff8560000 - 0x00007ffff8660000 	C:\WINDOWS\System32\ucrtbase.dll
0x00007fffe2e00000 - 0x00007fffe2e18000 	c:\Users\moham\.vscode\extensions\redhat.java-1.41.1-win32-x64\jre\21.0.6-win32-x86_64\bin\jli.dll
0x00007ffff8e80000 - 0x00007ffff901d000 	C:\WINDOWS\System32\USER32.dll
0x00007fffe2bb0000 - 0x00007fffe2bce000 	c:\Users\moham\.vscode\extensions\redhat.java-1.41.1-win32-x64\jre\21.0.6-win32-x86_64\bin\VCRUNTIME140.dll
0x00007ffff81b0000 - 0x00007ffff81d2000 	C:\WINDOWS\System32\win32u.dll
0x00007fffecd60000 - 0x00007fffecffa000 	C:\WINDOWS\WinSxS\amd64_microsoft.windows.common-controls_6595b64144ccf1df_6.0.19041.5794_none_60bcd33171f2783c\COMCTL32.dll
0x00007ffff89e0000 - 0x00007ffff8a0b000 	C:\WINDOWS\System32\GDI32.dll
0x00007ffff8c70000 - 0x00007ffff8d0e000 	C:\WINDOWS\System32\msvcrt.dll
0x00007ffff8660000 - 0x00007ffff877a000 	C:\WINDOWS\System32\gdi32full.dll
0x00007ffff7fa0000 - 0x00007ffff803d000 	C:\WINDOWS\System32\msvcp_win.dll
0x00007ffff8a70000 - 0x00007ffff8a9f000 	C:\WINDOWS\System32\IMM32.DLL
0x00007fffe3120000 - 0x00007fffe312c000 	c:\Users\moham\.vscode\extensions\redhat.java-1.41.1-win32-x64\jre\21.0.6-win32-x86_64\bin\vcruntime140_1.dll
0x00007fffa49a0000 - 0x00007fffa4a2d000 	c:\Users\moham\.vscode\extensions\redhat.java-1.41.1-win32-x64\jre\21.0.6-win32-x86_64\bin\msvcp140.dll
0x00007fffa0dd0000 - 0x00007fffa1b60000 	c:\Users\moham\.vscode\extensions\redhat.java-1.41.1-win32-x64\jre\21.0.6-win32-x86_64\bin\server\jvm.dll
0x00007ffff9420000 - 0x00007ffff94cf000 	C:\WINDOWS\System32\ADVAPI32.dll
0x00007ffff8ab0000 - 0x00007ffff8b4f000 	C:\WINDOWS\System32\sechost.dll
0x00007ffffa530000 - 0x00007ffffa653000 	C:\WINDOWS\System32\RPCRT4.dll
0x00007ffff8040000 - 0x00007ffff8067000 	C:\WINDOWS\System32\bcrypt.dll
0x00007ffff9030000 - 0x00007ffff909b000 	C:\WINDOWS\System32\WS2_32.dll
0x00007ffff72f0000 - 0x00007ffff733b000 	C:\WINDOWS\SYSTEM32\POWRPROF.dll
0x00007fffeed20000 - 0x00007fffeed47000 	C:\WINDOWS\SYSTEM32\WINMM.dll
0x00007ffff1390000 - 0x00007ffff139a000 	C:\WINDOWS\SYSTEM32\VERSION.dll
0x00007ffff71b0000 - 0x00007ffff71c2000 	C:\WINDOWS\SYSTEM32\UMPDC.dll
0x00007ffff5c30000 - 0x00007ffff5c42000 	C:\WINDOWS\SYSTEM32\kernel.appcore.dll
0x00007fffe3020000 - 0x00007fffe302a000 	c:\Users\moham\.vscode\extensions\redhat.java-1.41.1-win32-x64\jre\21.0.6-win32-x86_64\bin\jimage.dll
0x00007ffff3e30000 - 0x00007ffff4014000 	C:\WINDOWS\SYSTEM32\DBGHELP.DLL
0x00007fffe8af0000 - 0x00007fffe8b24000 	C:\WINDOWS\SYSTEM32\dbgcore.DLL
0x00007ffff8070000 - 0x00007ffff80f2000 	C:\WINDOWS\System32\bcryptPrimitives.dll
0x00007fffe2f50000 - 0x00007fffe2f5f000 	c:\Users\moham\.vscode\extensions\redhat.java-1.41.1-win32-x64\jre\21.0.6-win32-x86_64\bin\instrument.dll
0x00007fffe2b60000 - 0x00007fffe2b7f000 	c:\Users\moham\.vscode\extensions\redhat.java-1.41.1-win32-x64\jre\21.0.6-win32-x86_64\bin\java.dll
0x00007ffff9dc0000 - 0x00007ffffa52e000 	C:\WINDOWS\System32\SHELL32.dll
0x00007ffff5e30000 - 0x00007ffff65d3000 	C:\WINDOWS\SYSTEM32\windows.storage.dll
0x00007ffff90c0000 - 0x00007ffff9413000 	C:\WINDOWS\System32\combase.dll
0x00007ffff7740000 - 0x00007ffff776b000 	C:\WINDOWS\SYSTEM32\Wldp.dll
0x00007ffff9790000 - 0x00007ffff985d000 	C:\WINDOWS\System32\OLEAUT32.dll
0x00007ffffa660000 - 0x00007ffffa70d000 	C:\WINDOWS\System32\SHCORE.dll
0x00007ffff9730000 - 0x00007ffff9785000 	C:\WINDOWS\System32\shlwapi.dll
0x00007ffff7d20000 - 0x00007ffff7d45000 	C:\WINDOWS\SYSTEM32\profapi.dll
0x00007fffe29d0000 - 0x00007fffe29e8000 	c:\Users\moham\.vscode\extensions\redhat.java-1.41.1-win32-x64\jre\21.0.6-win32-x86_64\bin\zip.dll
0x00007fffe2ee0000 - 0x00007fffe2ef0000 	C:\Users\moham\.vscode\extensions\redhat.java-1.41.1-win32-x64\jre\21.0.6-win32-x86_64\bin\net.dll
0x00007ffff3880000 - 0x00007ffff398a000 	C:\WINDOWS\SYSTEM32\WINHTTP.dll
0x00007ffff7520000 - 0x00007ffff758c000 	C:\WINDOWS\system32\mswsock.dll
0x00007fffd7df0000 - 0x00007fffd7e06000 	C:\Users\moham\.vscode\extensions\redhat.java-1.41.1-win32-x64\jre\21.0.6-win32-x86_64\bin\nio.dll
0x00007fffe2890000 - 0x00007fffe28a0000 	c:\Users\moham\.vscode\extensions\redhat.java-1.41.1-win32-x64\jre\21.0.6-win32-x86_64\bin\verify.dll
0x00007fffd6be0000 - 0x00007fffd6c25000 	C:\Users\moham\AppData\Roaming\Code\User\globalStorage\redhat.java\1.41.1\config_ss_win\org.eclipse.equinox.launcher\org.eclipse.equinox.launcher.win32.win32.x86_64_1.2.1300.v20250331-1702\eclipse_11911.dll
0x00007ffff8850000 - 0x00007ffff897b000 	C:\WINDOWS\System32\ole32.dll

dbghelp: loaded successfully - version: 4.0.5 - missing functions: none
symbol engine: initialized successfully - sym options: 0x614 - pdb path: .;c:\Users\moham\.vscode\extensions\redhat.java-1.41.1-win32-x64\jre\21.0.6-win32-x86_64\bin;C:\WINDOWS\SYSTEM32;C:\WINDOWS\WinSxS\amd64_microsoft.windows.common-controls_6595b64144ccf1df_6.0.19041.5794_none_60bcd33171f2783c;c:\Users\moham\.vscode\extensions\redhat.java-1.41.1-win32-x64\jre\21.0.6-win32-x86_64\bin\server;C:\Users\moham\AppData\Roaming\Code\User\globalStorage\redhat.java\1.41.1\config_ss_win\org.eclipse.equinox.launcher\org.eclipse.equinox.launcher.win32.win32.x86_64_1.2.1300.v20250331-1702

VM Arguments:
jvm_args: --add-modules=ALL-SYSTEM --add-opens=java.base/java.util=ALL-UNNAMED --add-opens=java.base/java.lang=ALL-UNNAMED --add-opens=java.base/sun.nio.fs=ALL-UNNAMED -Declipse.application=org.eclipse.jdt.ls.core.id1 -Dosgi.bundles.defaultStartLevel=4 -Declipse.product=org.eclipse.jdt.ls.core.product -Djava.import.generatesMetadataFilesAtProjectRoot=false -DDetectVMInstallationsJob.disabled=true -Dfile.encoding=utf8 -XX:+UseParallelGC -XX:GCTimeRatio=4 -XX:AdaptiveSizePolicyWeight=90 -Dsun.zip.disableMemoryMapping=true -Xmx1G -Xms100m -Xlog:disable -javaagent:c:\Users\moham\.vscode\extensions\redhat.java-1.41.1-win32-x64\lombok\lombok-1.18.36.jar 
java_command: c:\Users\moham\.vscode\extensions\redhat.java-1.41.1-win32-x64\server\plugins\org.eclipse.equinox.launcher_1.7.0.v20250331-1702.jar -configuration c:\Users\moham\AppData\Roaming\Code\User\globalStorage\redhat.java\1.41.1\config_ss_win -data c:\Users\moham\AppData\Roaming\Code\User\workspaceStorage\8124025903823dc15ad5908d8bc0e76b\redhat.java\ss_ws --pipe=\\.\pipe\lsp-184b1340d1960b213e3b0427789487bc-sock
java_class_path (initial): c:\Users\moham\.vscode\extensions\redhat.java-1.41.1-win32-x64\server\plugins\org.eclipse.equinox.launcher_1.7.0.v20250331-1702.jar
Launcher Type: SUN_STANDARD

[Global flags]
    uintx AdaptiveSizePolicyWeight                 = 90                                        {product} {command line}
     intx CICompilerCount                          = 12                                        {product} {ergonomic}
    uintx GCTimeRatio                              = 4                                         {product} {command line}
   size_t InitialHeapSize                          = 104857600                                 {product} {command line}
   size_t MaxHeapSize                              = 1073741824                                {product} {command line}
   size_t MaxNewSize                               = 357564416                                 {product} {ergonomic}
   size_t MinHeapDeltaBytes                        = 524288                                    {product} {ergonomic}
   size_t MinHeapSize                              = 104857600                                 {product} {command line}
   size_t NewSize                                  = 34603008                                  {product} {ergonomic}
    uintx NonNMethodCodeHeapSize                   = 7602480                                {pd product} {ergonomic}
    uintx NonProfiledCodeHeapSize                  = 122027880                              {pd product} {ergonomic}
   size_t OldSize                                  = 70254592                                  {product} {ergonomic}
     bool PerfDisableSharedMem                     = true                                      {product} {ergonomic}
    uintx ProfiledCodeHeapSize                     = 122027880                              {pd product} {ergonomic}
    uintx ReservedCodeCacheSize                    = 251658240                              {pd product} {ergonomic}
     bool SegmentedCodeCache                       = true                                      {product} {ergonomic}
   size_t SoftMaxHeapSize                          = 1073741824                             {manageable} {ergonomic}
     bool UseCompressedOops                        = true                           {product lp64_product} {ergonomic}
     bool UseLargePagesIndividualAllocation        = false                                  {pd product} {ergonomic}
     bool UseParallelGC                            = true                                      {product} {command line}

Logging:
Log output configuration:
 #0: stdout all=off uptime,level,tags foldmultilines=false
 #1: stderr all=off uptime,level,tags foldmultilines=false

Environment Variables:
JAVA_HOME=C:\Program Files\Java\jdk-17
PATH=C:\Python313\Scripts\;C:\Python313\;%JAVA_HOMW%\bin;C:\Program Files\Common Files\Oracle\Java\javapath;C:\Program Files (x86)\Common Files\Oracle\Java\java8path;C:\Program Files (x86)\Common Files\Oracle\Java\javapath;C:\WINDOWS\system32;C:\WINDOWS;C:\WINDOWS\System32\Wbem;C:\WINDOWS\System32\WindowsPowerShell\v1.0\;C:\WINDOWS\System32\OpenSSH\;C:\Program Files\Git\cmd;E:\Flutter\Dev\flutter\bin;C:\Program Files\Microsoft SQL Server\Client SDK\ODBC\170\Tools\Binn\;C:\Program Files\dotnet\;C:\Program Files\Docker\Docker\resources\bin;C:\Program Files (x86)\Microsoft SQL Server\160\Tools\Binn\;C:\Program Files\Microsoft SQL Server\160\Tools\Binn\;C:\Program Files\Microsoft SQL Server\160\DTS\Binn\;C:\Program Files (x86)\Microsoft SQL Server\160\DTS\Binn\;C:\Program Files\apache-maven-3.9.9-bin\apache-maven-3.9.9\bin;C:\sqlite;C:\Program Files\nodejs\;C:\ProgramData\chocolatey\bin;C:\Users\moham\AppData\Local\Microsoft\WindowsApps;C:\Users\moham\AppData\Local\Programs\Microsoft VS Code\bin;C:\Users\moham\AppData\Local\GitHubDesktop\bin;C:\Users\moham\.dotnet\tools;C:\Users\moham\AppData\Local\Microsoft\WinGet\Links;C:\Users\moham\AppData\Roaming\npm
USERNAME=moham
OS=Windows_NT
PROCESSOR_IDENTIFIER=AMD64 Family 23 Model 113 Stepping 0, AuthenticAMD
TMP=C:\Users\moham\AppData\Local\Temp
TEMP=C:\Users\moham\AppData\Local\Temp




Periodic native trim disabled

---------------  S Y S T E M  ---------------

OS:
 Windows 10 , 64 bit Build 19041 (10.0.19041.5794)
OS uptime: 0 days 2:47 hours
Hyper-V role detected

CPU: total 16 (initial active 16) (16 cores per cpu, 2 threads per core) family 23 model 113 stepping 0 microcode 0x0, cx8, cmov, fxsr, ht, mmx, 3dnowpref, sse, sse2, sse3, ssse3, sse4a, sse4.1, sse4.2, popcnt, lzcnt, tsc, tscinvbit, avx, avx2, aes, clmul, bmi1, bmi2, adx, sha, fma, vzeroupper, clflush, clflushopt, hv, rdtscp, rdpid, f16c
Processor Information for the first 16 processors :
  Max Mhz: 3600, Current Mhz: 3600, Mhz Limit: 3600

Memory: 4k page, system-wide physical 16310M (4287M free)
TotalPageFile size 20406M (AvailPageFile size 200M)
current process WorkingSet (physical memory assigned to process): 102M, peak: 102M
current process commit charge ("private bytes"): 232M, peak: 232M

vm_info: OpenJDK 64-Bit Server VM (21.0.6+7-LTS) for windows-amd64 JRE (21.0.6+7-LTS), built on 2025-01-21T00:00:00Z by "admin" with MS VC++ 17.7 (VS2022)

END.
